,법정동명,공시가격
0,서울특별시 강남구 개포동,611183620.5365537
1,서울특별시 강남구 논현동,373854057.0779593
2,서울특별시 강남구 대치동,851651235.4300929
3,서울특별시 강남구 도곡동,951031841.8836067
4,서울특별시 강남구 삼성동,712108183.1668668
5,서울특별시 강남구 세곡동,509502577.53048027
6,서울특별시 강남구 수서동,351264378.44829
7,서울특별시 강남구 신사동,422836276.4550265
8,서울특별시 강남구 압구정동,1410324323.8340561
9,서울특별시 강남구 역삼동,436145963.5710941
10,서울특별시 강남구 율현동,326950000.0
11,서울특별시 강남구 일원동,519459647.4921284
12,서울특별시 강남구 자곡동,480787916.6266449
13,서울특별시 강남구 청담동,831639140.873936
14,서울특별시 강남구 포이동,137019550.7487521
15,서울특별시 강동구 강일동,304219291.98379266
16,서울특별시 강동구 고덕동,452751168.4263841
17,서울특별시 강동구 길동,222884048.32102692
18,서울특별시 강동구 둔촌동,423216834.1297375
19,서울특별시 강동구 명일동,403185592.648183
20,서울특별시 강동구 상일동,434884243.39471585
21,서울특별시 강동구 성내동,231865539.49912325
22,서울특별시 강동구 암사동,331231508.59560096
23,서울특별시 강동구 천호동,228938294.17561328
24,서울특별시 강북구 미아동,193242484.26515687
25,서울특별시 강북구 번동,127973932.08185628
26,서울특별시 강북구 수유동,119565871.80135874
27,서울특별시 강북구 우이동,133979415.24239492
28,서울특별시 강서구 가양동,184782990.97010958
29,서울특별시 강서구 개화동,93157407.4074074
30,서울특별시 강서구 공항동,143603206.02448058
31,서울특별시 강서구 내발산동,271056716.38764113
32,서울특별시 강서구 등촌동,212904822.3651231
33,서울특별시 강서구 마곡동,465003427.9172092
34,서울특별시 강서구 방화동,197453250.70647782
35,서울특별시 강서구 염창동,296609878.1116416
36,서울특별시 강서구 외발산동,89361086.08015177
37,서울특별시 강서구 화곡동,161873858.13375214
38,서울특별시 관악구 남현동,238123120.14063832
39,서울특별시 관악구 봉천동,222420201.87871173
40,서울특별시 관악구 신림동,173338361.75984037
41,서울특별시 광진구 광장동,511635189.2391045
42,서울특별시 광진구 구의동,272683634.246269
43,서울특별시 광진구 군자동,192872822.55088428
44,서울특별시 광진구 노유동,320119332.5467723
45,서울특별시 광진구 능동,153897380.25415444
46,서울특별시 광진구 모진동,146756666.66666666
47,서울특별시 광진구 자양동,360198570.83197993
48,서울특별시 광진구 중곡동,144498197.43346483
49,서울특별시 광진구 화양동,143926751.82046083
50,서울특별시 구로구 가리봉동,152847315.86206895
51,서울특별시 구로구 개봉동,201355208.57843
52,서울특별시 구로구 고척동,220079090.00639448
53,서울특별시 구로구 구로동,205071770.153109
54,서울특별시 구로구 궁동,122982493.86020385
55,서울특별시 구로구 신도림동,386756813.278929
56,서울특별시 구로구 오류동,175168625.05643082
57,서울특별시 구로구 온수동,195120235.4528441
58,서울특별시 구로구 천왕동,272343413.44479275
59,서울특별시 구로구 항동,260148543.3818873
60,서울특별시 금천구 가산동,181530240.8129176
61,서울특별시 금천구 독산동,173481803.02679962
62,서울특별시 금천구 시흥동,181019843.07866785
63,서울특별시 노원구 공릉동,195053102.0222112
64,서울특별시 노원구 상계동,192043051.8363519
65,서울특별시 노원구 월계동,183894656.1600432
66,서울특별시 노원구 중계동,219403012.42132488
67,서울특별시 노원구 하계동,225205701.98522532
68,서울특별시 도봉구 도봉동,159593671.41059768
69,서울특별시 도봉구 방학동,181740088.0315717
70,서울특별시 도봉구 쌍문동,146353643.44819596
71,서울특별시 도봉구 창동,212123434.0997876
72,서울특별시 동대문구 답십리동,282987421.60050887
73,서울특별시 동대문구 신설동,160467749.93798065
74,서울특별시 동대문구 용두동,259257769.47122937
75,서울특별시 동대문구 이문동,235295804.2944612
76,서울특별시 동대문구 장안동,247327181.82966363
77,서울특별시 동대문구 전농동,279792286.025374
78,서울특별시 동대문구 제기동,217516193.11813492
79,서울특별시 동대문구 청량리동,266726071.8641524
80,서울특별시 동대문구 회기동,188731919.32976988
81,서울특별시 동대문구 휘경동,228391510.99671245
82,서울특별시 동작구 노량진동,296156495.0484215
83,서울특별시 동작구 대방동,308331798.3731486
84,서울특별시 동작구 동작동,369939328.00535583
85,서울특별시 동작구 본동,373848300.0042821
86,서울특별시 동작구 사당동,286986000.5220663
87,서울특별시 동작구 상도1동,140021725.8481886
88,서울특별시 동작구 상도동,273655770.94212484
89,서울특별시 동작구 신대방동,331650683.9834984
90,서울특별시 동작구 흑석동,430584282.742992
91,서울특별시 마포구 공덕동,419023582.8851554
92,서울특별시 마포구 구수동,164294971.32774588
93,서울특별시 마포구 노고산동,140695392.16501704
94,서울특별시 마포구 당인동,162845025.4430602
95,서울특별시 마포구 대흥동,399356963.4435499
96,서울특별시 마포구 도화동,396055059.4670229
97,서울특별시 마포구 동교동,131241265.9312413
98,서울특별시 마포구 마포동,289867275.0681612
99,서울특별시 마포구 망원동,181224173.8773886
100,서울특별시 마포구 상수동,362164153.29006183
101,서울특별시 마포구 상암동,358812534.35024136
102,서울특별시 마포구 서교동,212915158.8378344
103,서울특별시 마포구 성산동,218141502.5517937
104,서울특별시 마포구 신공덕동,452963822.5755832
105,서울특별시 마포구 신수동,315150966.6828794
106,서울특별시 마포구 신정동,426748468.9900902
107,서울특별시 마포구 아현동,324087304.67261225
108,서울특별시 마포구 연남동,174025658.61983147
109,서울특별시 마포구 염리동,355539096.65005666
110,서울특별시 마포구 용강동,434779588.73336786
111,서울특별시 마포구 중동,281044828.26044446
112,서울특별시 마포구 창전동,357550742.49293643
113,서울특별시 마포구 토정동,376822361.9329389
114,서울특별시 마포구 하중동,917993394.3089429
115,서울특별시 마포구 합정동,193024064.3874029
116,서울특별시 마포구 현석동,434995648.46416384
117,서울특별시 서대문구 남가좌동,297171315.6399372
118,서울특별시 서대문구 냉천동,386195329.9057412
119,서울특별시 서대문구 대신동,87073767.7984666
120,서울특별시 서대문구 대현동,282348442.20025784
121,서울특별시 서대문구 미근동,100850810.18518518
122,서울특별시 서대문구 봉원동,116843750.0
123,서울특별시 서대문구 북가좌동,211818724.34001103
124,서울특별시 서대문구 북아현동,283215395.51169825
125,서울특별시 서대문구 신촌동,132539625.0
126,서울특별시 서대문구 연희동,180775839.3528341
127,서울특별시 서대문구 영천동,361471511.35046697
128,서울특별시 서대문구 옥천동,85920392.49146758
129,서울특별시 서대문구 창천동,111530319.34108809
130,서울특별시 서대문구 천연동,243038081.027768
131,서울특별시 서대문구 충정로2가,208619400.24479803
132,서울특별시 서대문구 충정로3가,217998631.96873072
133,서울특별시 서대문구 합동,370138037.8657487
134,서울특별시 서대문구 현저동,320936260.3305785
135,서울특별시 서대문구 홍은동,178539639.3692911
136,서울특별시 서대문구 홍제동,222479582.3384281
137,서울특별시 서초구 내곡동,570499450.0659921
138,서울특별시 서초구 반포동,983922042.2375293
139,서울특별시 서초구 방배동,542449298.76052
140,서울특별시 서초구 서초동,683572375.6844515
141,서울특별시 서초구 신원동,661695633.0919465
142,서울특별시 서초구 양재동,293987434.10773474
143,서울특별시 서초구 염곡동,726606896.5517242
144,서울특별시 서초구 우면동,441850487.9913423
145,서울특별시 서초구 원지동,288257142.85714287
146,서울특별시 서초구 잠원동,788659022.5590537
147,서울특별시 성동구 금호동1가,290699847.91799736
148,서울특별시 성동구 금호동2가,379135758.66634977
149,서울특별시 성동구 금호동3가,291594528.9399942
150,서울특별시 성동구 금호동4가,429866329.1546127
151,서울특별시 성동구 도선동,252922204.7053117
152,서울특별시 성동구 마장동,273718603.9437663
153,서울특별시 성동구 사근동,154142596.98057005
154,서울특별시 성동구 상왕십리동,668987892.5463487
155,서울특별시 성동구 성수동1가,491559984.08292407
156,서울특별시 성동구 성수동2가,394177613.8062903
157,서울특별시 성동구 송정동,239417038.75072297
158,서울특별시 성동구 옥수동,474687695.1596292
159,서울특별시 성동구 용답동,183206515.12076315
160,서울특별시 성동구 응봉동,315091533.9602672
161,서울특별시 성동구 하왕십리동,396383230.93008775
162,서울특별시 성동구 행당동,354966673.0188429
163,서울특별시 성동구 홍익동,197118486.84210527
164,서울특별시 성북구 길음동,303101616.49090064
165,서울특별시 성북구 돈암동,273137738.63255364
166,서울특별시 성북구 동선동1가,153700054.05405405
167,서울특별시 성북구 동선동2가,67291104.65116279
168,서울특별시 성북구 동선동3가,98594204.7859352
169,서울특별시 성북구 동선동4가,126818358.86782654
170,서울특별시 성북구 동선동5가,120855183.34985134
171,서울특별시 성북구 동소문동1가,126539147.10110204
172,서울특별시 성북구 동소문동2가,54500000.0
173,서울특별시 성북구 동소문동3가,119270833.33333331
174,서울특별시 성북구 동소문동4가,191602921.50651175
175,서울특별시 성북구 동소문동5가,332631710.64604187
176,서울특별시 성북구 동소문동6가,111618851.02239531
177,서울특별시 성북구 동소문동7가,279736075.3629157
178,서울특별시 성북구 보문동1가,87687117.90393013
179,서울특별시 성북구 보문동2가,99638203.38127682
180,서울특별시 성북구 보문동3가,345241035.61807835
181,서울특별시 성북구 보문동4가,323933757.3385519
182,서울특별시 성북구 보문동5가,139462743.86406544
183,서울특별시 성북구 보문동6가,254886405.56167403
184,서울특별시 성북구 보문동7가,104349635.03649636
185,서울특별시 성북구 삼선동1가,95121630.7814992
186,서울특별시 성북구 삼선동2가,307421781.43712574
187,서울특별시 성북구 삼선동3가,213664571.6175984
188,서울특별시 성북구 삼선동4가,241594851.66683656
189,서울특별시 성북구 삼선동5가,105840703.92262223
190,서울특별시 성북구 상월곡동,217060827.04239127
191,서울특별시 성북구 석관동,224421359.556736
192,서울특별시 성북구 성북동,237447865.58805227
193,서울특별시 성북구 성북동1가,133006362.04634891
194,서울특별시 성북구 안암동1가,281841740.44076097
195,서울특별시 성북구 안암동2가,76517730.26315789
196,서울특별시 성북구 안암동3가,164414668.51787573
197,서울특별시 성북구 안암동4가,90769287.54813863
198,서울특별시 성북구 안암동5가,88648136.33645605
199,서울특별시 성북구 장위동,158572565.11800122
200,서울특별시 성북구 정릉동,185510834.82864603
201,서울특별시 성북구 종암동,254706205.75039876
202,서울특별시 성북구 하월곡동,278632544.4596443
203,서울특별시 송파구 가락동,381554564.83170265
204,서울특별시 송파구 거여동,260371986.8852459
205,서울특별시 송파구 마천동,239011402.6045425
206,서울특별시 송파구 문정동,471053282.71549803
207,서울특별시 송파구 방이동,486958311.74379456
208,서울특별시 송파구 삼전동,153709597.30415165
209,서울특별시 송파구 석촌동,187068695.84293082
210,서울특별시 송파구 송파동,339755443.51452035
211,서울특별시 송파구 신천동,749208214.237578
212,서울특별시 송파구 오금동,362978874.0063883
213,서울특별시 송파구 잠실동,745936972.4987898
214,서울특별시 송파구 장지동,456188195.86457616
215,서울특별시 송파구 풍납동,321047430.73866713
216,서울특별시 양천구 목동,432316933.0048829
217,서울특별시 양천구 신월동,138504222.32384408
218,서울특별시 양천구 신정동,327779873.68848884
219,서울특별시 영등포구 당산동,302928915.43420553
220,서울특별시 영등포구 당산동1가,281747029.5001365
221,서울특별시 영등포구 당산동2가,270010251.10505027
222,서울특별시 영등포구 당산동3가,350455307.8449175
223,서울특별시 영등포구 당산동4가,378735875.19419986
224,서울특별시 영등포구 당산동5가,509435610.80372745
225,서울특별시 영등포구 당산동6가,140770283.80634388
226,서울특별시 영등포구 대림동,221142332.80995983
227,서울특별시 영등포구 도림동,238677231.8655814
228,서울특별시 영등포구 문래동1가,144856164.38356164
229,서울특별시 영등포구 문래동2가,229623717.94871795
230,서울특별시 영등포구 문래동3가,498069244.8392997
231,서울특별시 영등포구 문래동4가,307455506.60792947
232,서울특별시 영등포구 문래동5가,279301644.6048937
233,서울특별시 영등포구 문래동6가,272285926.3747917
234,서울특별시 영등포구 신길동,260805066.51523632
235,서울특별시 영등포구 양평동,234694444.44444445
236,서울특별시 영등포구 양평동1가,251281822.97154903
237,서울특별시 영등포구 양평동2가,227785498.77828532
238,서울특별시 영등포구 양평동3가,309270098.8288563
239,서울특별시 영등포구 양평동4가,211008722.2781156
240,서울특별시 영등포구 양평동5가,293060210.3809601
241,서울특별시 영등포구 양평동6가,211078235.37251765
242,서울특별시 영등포구 여의도동,780995167.1590732
243,서울특별시 영등포구 영등포동,312546730.4194356
244,서울특별시 영등포구 영등포동1가,106969166.35420571
245,서울특별시 영등포구 영등포동2가,115919854.19198056
246,서울특별시 영등포구 영등포동3가,85817464.11483254
247,서울특별시 영등포구 영등포동4가,96368605.27732904
248,서울특별시 영등포구 영등포동5가,155160800.25007814
249,서울특별시 영등포구 영등포동6가,136062629.75778547
250,서울특별시 영등포구 영등포동7가,371521297.4952003
251,서울특별시 영등포구 영등포동8가,420023481.5557784
252,서울특별시 용산구 갈월동,236934990.95840868
253,서울특별시 용산구 남영동,367905882.3529412
254,서울특별시 용산구 도원동,390044401.04633254
255,서울특별시 용산구 동빙고동,492595062.335958
256,서울특별시 용산구 동자동,461214404.24825764
257,서울특별시 용산구 문배동,492221248.13593024
258,서울특별시 용산구 보광동,404613285.81492686
259,서울특별시 용산구 산천동,361185684.69595116
260,서울특별시 용산구 서계동,162214373.21698272
261,서울특별시 용산구 서빙고동,963450820.5590624
262,서울특별시 용산구 신계동,658846485.8348402
263,서울특별시 용산구 신창동,272140545.7156534
264,서울특별시 용산구 용문동,232219054.42419907
265,서울특별시 용산구 용산동2가,172290324.6339911
266,서울특별시 용산구 용산동3가,150083333.33333334
267,서울특별시 용산구 용산동5가,1198351091.4760914
268,서울특별시 용산구 원효로1가,453563810.2084831
269,서울특별시 용산구 원효로2가,186627196.485623
270,서울특별시 용산구 원효로3가,184675994.73857284
271,서울특별시 용산구 원효로4가,454381089.38261485
272,서울특별시 용산구 이촌동,739728762.5268433
273,서울특별시 용산구 이태원동,453987547.37412024
274,서울특별시 용산구 주성동,534232507.2886297
275,서울특별시 용산구 청암동,1178972081.218274
276,서울특별시 용산구 청파동1가,177620765.203383
277,서울특별시 용산구 청파동2가,172940812.95935205
278,서울특별시 용산구 청파동3가,181345771.43988907
279,서울특별시 용산구 한강로1가,660005810.258738
280,서울특별시 용산구 한강로2가,636850203.3271719
281,서울특별시 용산구 한강로3가,803829659.8897967
282,서울특별시 용산구 한남동,698924512.43723
283,서울특별시 용산구 효창동,281351346.2965712
284,서울특별시 용산구 후암동,233112934.28628156
285,서울특별시 은평구 갈현동,130814034.1709816
286,서울특별시 은평구 구산동,142589597.84591332
287,서울특별시 은평구 구파발동,56500000.0
288,서울특별시 은평구 녹번동,166959078.58857343
289,서울특별시 은평구 대조동,115575529.61264321
290,서울특별시 은평구 불광동,181489561.9035184
291,서울특별시 은평구 수색동,221465261.8761465
292,서울특별시 은평구 신사동,141176807.78085795
293,서울특별시 은평구 역촌동,126828699.90561391
294,서울특별시 은평구 응암동,163232895.62701225
295,서울특별시 은평구 증산동,195937628.62825355
296,서울특별시 은평구 진관동,359594743.8232291
297,서울특별시 은평구 진관외동,63572580.64516129
298,서울특별시 종로구 가회동,643938586.5724381
299,서울특별시 종로구 견지동,674246438.7464387
300,서울특별시 종로구 경운동,106786458.33333331
301,서울특별시 종로구 계동,164789117.6470588
302,서울특별시 종로구 관수동,151083333.33333334
303,서울특별시 종로구 관철동,101871428.57142857
304,서울특별시 종로구 교북동,398521052.63157886
305,서울특별시 종로구 구기동,325373770.64971346
306,서울특별시 종로구 낙원동,138618411.00076395
307,서울특별시 종로구 내수동,768038670.5685619
308,서울특별시 종로구 내자동,88500000.0
309,서울특별시 종로구 누상동,130433914.58464351
310,서울특별시 종로구 누하동,158283679.52522254
311,서울특별시 종로구 당주동,275375000.0
312,서울특별시 종로구 동숭동,119155398.07981192
313,서울특별시 종로구 명륜1가,153376588.67506576
314,서울특별시 종로구 명륜2가,311384805.8045241
315,서울특별시 종로구 명륜3가,75253852.2777532
316,서울특별시 종로구 명륜4가,123623917.42195368
317,서울특별시 종로구 무악동,451615461.33831483
318,서울특별시 종로구 부암동,218162385.3211009
319,서울특별시 종로구 사직동,566164080.0460696
320,서울특별시 종로구 삼청동,326158080.8080808
321,서울특별시 종로구 소격동,272033333.3333333
322,서울특별시 종로구 송월동,92779891.30434784
323,서울특별시 종로구 수송동,229821185.617104
324,서울특별시 종로구 숭인동,197916579.33073863
325,서울특별시 종로구 신교동,127167375.1328374
326,서울특별시 종로구 신문로1가,272414062.5
327,서울특별시 종로구 신문로2가,507334814.81481487
328,서울특별시 종로구 신영동,165634014.72916237
329,서울특별시 종로구 안국동,166942307.69230768
330,서울특별시 종로구 연건동,77768158.36579973
331,서울특별시 종로구 연지동,119271911.88040912
332,서울특별시 종로구 옥인동,141829009.03660592
333,서울특별시 종로구 와룡동,114333333.33333331
334,서울특별시 종로구 운니동,84895000.0
335,서울특별시 종로구 원남동,72139655.1724138
336,서울특별시 종로구 원서동,105895162.67860216
337,서울특별시 종로구 이화동,110058992.18071242
338,서울특별시 종로구 익선동,167694542.25352108
339,서울특별시 종로구 인의동,424074653.5538668
340,서울특별시 종로구 장사동,50666666.66666666
341,서울특별시 종로구 종로5가,123200000.0
342,서울특별시 종로구 종로6가,99875000.0
343,서울특별시 종로구 창성동,275671944.12107104
344,서울특별시 종로구 창신동,194905145.89475825
345,서울특별시 종로구 청운동,433441864.69108194
346,서울특별시 종로구 체부동,201313275.19379845
347,서울특별시 종로구 충신동,107251759.25925924
348,서울특별시 종로구 통의동,196754325.2595156
349,서울특별시 종로구 통인동,142455201.2148823
350,서울특별시 종로구 평동,895506063.4328357
351,서울특별시 종로구 평창동,320439405.0560256
352,서울특별시 종로구 필운동,265944204.4953724
353,서울특별시 종로구 행촌동,112791360.88709678
354,서울특별시 종로구 혜화동,160028114.31696978
355,서울특별시 종로구 홍지동,128323440.17616834
356,서울특별시 종로구 홍파동,847092987.5518672
357,서울특별시 종로구 화동,382267857.14285713
358,서울특별시 종로구 효자동,353558079.40904886
359,서울특별시 종로구 효제동,136136125.65445027
360,서울특별시 중구 광희동1가,75092857.14285715
361,서울특별시 중구 광희동2가,97642457.23172627
362,서울특별시 중구 남대문로5가,893004901.9607842
363,서울특별시 중구 남산동2가,242512367.49116609
364,서울특별시 중구 남창동,128905972.85067873
365,서울특별시 중구 만리동1가,351030203.88809866
366,서울특별시 중구 만리동2가,219943382.66384777
367,서울특별시 중구 무학동,180467032.96703297
368,서울특별시 중구 묵정동,147377515.84283903
369,서울특별시 중구 산림동,226645799.5458969
370,서울특별시 중구 순화동,445456725.7559958
371,서울특별시 중구 신당동,311583158.0975569
372,서울특별시 중구 쌍림동,126954545.45454544
373,서울특별시 중구 예장동,192278603.85925084
374,서울특별시 중구 오장동,137658659.92414665
375,서울특별시 중구 을지로5가,308563953.48837215
376,서울특별시 중구 을지로6가,171933333.33333334
377,서울특별시 중구 인현동2가,114941422.59414226
378,서울특별시 중구 장충동1가,364922171.2268314
379,서울특별시 중구 장충동2가,79707818.18942787
380,서울특별시 중구 정동,195317204.30107528
381,서울특별시 중구 주교동,61349171.27071823
382,서울특별시 중구 중림동,295768478.3402732
383,서울특별시 중구 충무로4가,401496234.8436503
384,서울특별시 중구 충무로5가,184944644.14090583
385,서울특별시 중구 필동1가,70907801.41843972
386,서울특별시 중구 필동2가,188469115.4422789
387,서울특별시 중구 필동3가,162631670.67307693
388,서울특별시 중구 황학동,360224424.79473066
389,서울특별시 중구 회현동1가,408031461.15121007
390,서울특별시 중구 회현동2가,896108897.6945244
391,서울특별시 중구 흥인동,362892048.1174817
392,서울특별시 중랑구 망우동,165954756.9912399
393,서울특별시 중랑구 면목동,164673538.34272918
394,서울특별시 중랑구 묵동,213999145.3135253
395,서울특별시 중랑구 상봉동,199708709.3190065
396,서울특별시 중랑구 신내동,201680172.34054604
397,서울특별시 중랑구 중화동,154596637.58482206
398,경기도 가평군 가평읍 경반리,58163805.97014926
399,경기도 가평군 가평읍 금대리,66981402.43902439
400,경기도 가평군 가평읍 달전리,54711404.11751099
401,경기도 가평군 가평읍 대곡리,95200742.59491032
402,경기도 가평군 가평읍 복장리,79358552.63157895
403,경기도 가평군 가평읍 승안리,139900000.0
404,경기도 가평군 가평읍 읍내리,59591366.76554542
405,경기도 가평군 가평읍 하색리,44108125.0
406,경기도 가평군 북면 도대리,31000000.0
407,경기도 가평군 북면 목동리,56383680.55555555
408,경기도 가평군 북면 화악리,41583333.333333336
409,경기도 가평군 상면 덕현리,96249166.66666669
410,경기도 가평군 상면 상동리,24952427.18446602
411,경기도 가평군 상면 연하리,29214285.714285716
412,경기도 가평군 상면 임초리,19617187.5
413,경기도 가평군 상면 항사리,32040740.740740746
414,경기도 가평군 상면 행현리,33598470.94801223
415,경기도 가평군 설악면 미사리,117881818.1818182
416,경기도 가평군 설악면 사룡리,132324615.3846154
417,경기도 가평군 설악면 선촌리,126352815.95709018
418,경기도 가평군 설악면 송산리,61188322.36842106
419,경기도 가평군 설악면 신천리,58464109.5890411
420,경기도 가평군 설악면 회곡리,282815236.05150217
421,경기도 가평군 조종면 대보리,119385087.71929824
422,경기도 가평군 조종면 마일리,99200000.0
423,경기도 가평군 조종면 신상리,107720833.33333331
424,경기도 가평군 조종면 현리,56533509.05340362
425,경기도 가평군 청평면 고성리,336444444.44444436
426,경기도 가평군 청평면 대성리,78681468.21844226
427,경기도 가평군 청평면 상천리,48505035.08047874
428,경기도 가평군 청평면 청평리,88986305.1735429
429,경기도 가평군 청평면 하천리,170571428.57142857
430,경기도 가평군 청평면 호명리,68756250.0
431,경기도 가평군 하면 대보리,112691729.32330827
432,경기도 가평군 하면 마일리,97333333.33333331
433,경기도 가평군 하면 신상리,101250000.0
434,경기도 가평군 하면 현리,35044105.17387617
435,경기도 고양시 덕양구 강매동,189847222.22222218
436,경기도 고양시 덕양구 고양동,117002857.06734326
437,경기도 고양시 덕양구 관산동,88273110.00124343
438,경기도 고양시 덕양구 내곡동,156111904.76190478
439,경기도 고양시 덕양구 내유동,84866259.45537065
440,경기도 고양시 덕양구 대자동,119307730.49645391
441,경기도 고양시 덕양구 대장동,135770786.51685393
442,경기도 고양시 덕양구 덕은동,158450249.32003626
443,경기도 고양시 덕양구 도내동,293894934.4266344
444,경기도 고양시 덕양구 동산동,335103448.46371764
445,경기도 고양시 덕양구 벽제동,107199818.14173922
446,경기도 고양시 덕양구 삼송동,301341708.35201985
447,경기도 고양시 덕양구 성사동,169243932.45147794
448,경기도 고양시 덕양구 신원동,236949314.3373296
449,경기도 고양시 덕양구 오금동,417700000.0
450,경기도 고양시 덕양구 용두동,175266932.27091634
451,경기도 고양시 덕양구 원당동,209135802.46913582
452,경기도 고양시 덕양구 원흥동,198848975.3269516
453,경기도 고양시 덕양구 주교동,93988607.35511148
454,경기도 고양시 덕양구 지축동,475246835.7959297
455,경기도 고양시 덕양구 토당동,153253286.44792768
456,경기도 고양시 덕양구 행신동,177753046.3251583
457,경기도 고양시 덕양구 행주내동,212649305.55555555
458,경기도 고양시 덕양구 행주외동,123892592.5925926
459,경기도 고양시 덕양구 향동동,369956208.2611922
460,경기도 고양시 덕양구 현천동,166403725.11239564
461,경기도 고양시 덕양구 화전동,131452868.21705426
462,경기도 고양시 덕양구 화정동,211944056.9405431
463,경기도 고양시 덕양구 효자동,90377142.85714284
464,경기도 고양시 일산동구 마두동,320291720.13274336
465,경기도 고양시 일산동구 문봉동,103715530.44112286
466,경기도 고양시 일산동구 백석동,191598464.96573767
467,경기도 고양시 일산동구 사리현동,109373501.50428142
468,경기도 고양시 일산동구 설문동,100557946.21026894
469,경기도 고양시 일산동구 성석동,114282814.0647602
470,경기도 고양시 일산동구 식사동,369406614.8221877
471,경기도 고양시 일산동구 장항동,330573987.06370515
472,경기도 고양시 일산동구 정발산동,241832373.414367
473,경기도 고양시 일산동구 중산동,172901362.07154617
474,경기도 고양시 일산동구 풍동,215090713.66952068
475,경기도 고양시 일산서구 가좌동,230562124.12688985
476,경기도 고양시 일산서구 구산동,65190625.0
477,경기도 고양시 일산서구 대화동,246281235.5717437
478,경기도 고양시 일산서구 덕이동,262620674.49569467
479,경기도 고양시 일산서구 일산동,205954511.23471197
480,경기도 고양시 일산서구 주엽동,243462044.62278143
481,경기도 고양시 일산서구 탄현동,199828305.98624092
482,경기도 과천시 갈현동,575510186.0053145
483,경기도 과천시 과천동,344830961.7271835
484,경기도 과천시 문원동,239286309.30822167
485,경기도 과천시 별양동,546479809.9108096
486,경기도 과천시 부림동,486064700.0226399
487,경기도 과천시 원문동,548123349.0523425
488,경기도 과천시 주암동,262762758.0396012
489,경기도 과천시 중앙동,717892714.6756246
490,경기도 광명시 광명동,132925249.355782
491,경기도 광명시 소하동,203876024.61429748
492,경기도 광명시 일직동,642367350.37932
493,경기도 광명시 철산동,271093788.2715617
494,경기도 광명시 하안동,194716284.8510345
495,경기도 광주시 경안동,106330161.95895666
496,경기도 광주시 곤지암읍 곤지암리,123277157.03390609
497,경기도 광주시 곤지암읍 만선리,58300561.79775281
498,경기도 광주시 곤지암읍 삼리,113718035.10758775
499,경기도 광주시 곤지암읍 수양리,58681842.81842818
500,경기도 광주시 곤지암읍 신대리,56338674.03314917
501,경기도 광주시 곤지암읍 신촌리,57575862.06896552
502,경기도 광주시 곤지암읍 연곡리,59465714.28571428
503,경기도 광주시 곤지암읍 열미리,66276919.19191919
504,경기도 광주시 곤지암읍 오향리,155140000.0
505,경기도 광주시 곤지암읍 이선리,73362500.0
506,경기도 광주시 곤지암읍 장심리,202000000.0
507,경기도 광주시 남종면 분원리,114928193.32566167
508,경기도 광주시 남한산성면 검복리,113691666.66666669
509,경기도 광주시 남한산성면 불당리,160662318.84057972
510,경기도 광주시 도척면 궁평리,63677228.91566266
511,경기도 광주시 도척면 노곡리,64001315.26504584
512,경기도 광주시 도척면 도웅리,87473958.33333333
513,경기도 광주시 도척면 방도리,69305555.55555555
514,경기도 광주시 도척면 상림리,96187500.0
515,경기도 광주시 도척면 유정리,76542944.78527607
516,경기도 광주시 도척면 진우리,100858268.54784527
517,경기도 광주시 목동,44093123.06101345
518,경기도 광주시 목현동,115538400.77538164
519,경기도 광주시 삼동,111446652.54103284
520,경기도 광주시 송정동,145674376.37952408
521,경기도 광주시 실촌읍 곤지암리,117369514.0040136
522,경기도 광주시 실촌읍 만선리,38900000.0
523,경기도 광주시 실촌읍 삼리,99272966.1170502
524,경기도 광주시 실촌읍 수양리,48312169.31216931
525,경기도 광주시 실촌읍 신대리,34799086.75799087
526,경기도 광주시 실촌읍 신촌리,16991228.07017544
527,경기도 광주시 실촌읍 연곡리,49976190.47619048
528,경기도 광주시 실촌읍 열미리,38574412.53263708
529,경기도 광주시 실촌읍 이선리,60708333.33333334
530,경기도 광주시 실촌읍 장심리,185600000.0
531,경기도 광주시 쌍령동,161638012.42236024
532,경기도 광주시 역동,196977568.00560692
533,경기도 광주시 오포읍 고산리,152365826.40167633
534,경기도 광주시 오포읍 능평리,157525487.50571698
535,경기도 광주시 오포읍 매산리,108845847.56898816
536,경기도 광주시 오포읍 문형리,130921857.03063631
537,경기도 광주시 오포읍 신현리,188088694.05400407
538,경기도 광주시 오포읍 양벌리,139874080.95348656
539,경기도 광주시 오포읍 추자리,103136253.32623737
540,경기도 광주시 장지동,145433634.56387562
541,경기도 광주시 중대동,101120324.339636
542,경기도 광주시 중부면 검복리,77833333.33333333
543,경기도 광주시 중부면 불당리,77666666.66666667
544,경기도 광주시 직동,62017008.19672131
545,경기도 광주시 초월읍 늑현리,95375500.0
546,경기도 광주시 초월읍 대쌍령리,125282207.07251924
547,경기도 광주시 초월읍 도평리,152411882.7916086
548,경기도 광주시 초월읍 산이리,141008363.48365423
549,경기도 광주시 초월읍 선동리,68604201.68067227
550,경기도 광주시 초월읍 신월리,67449786.628734
551,경기도 광주시 초월읍 쌍동리,170226968.13563225
552,경기도 광주시 초월읍 용수리,88596953.35669991
553,경기도 광주시 초월읍 지월리,103403025.01179802
554,경기도 광주시 초월읍 학동리,106314285.71428572
555,경기도 광주시 탄벌동,179870548.79473674
556,경기도 광주시 태전동,206126508.43475232
557,경기도 광주시 퇴촌면 관음리,85692848.86714727
558,경기도 광주시 퇴촌면 광동리,78393397.72127065
559,경기도 광주시 퇴촌면 도수리,77359126.20703626
560,경기도 광주시 퇴촌면 우산리,46598620.68965517
561,경기도 광주시 퇴촌면 원당리,70232112.67605634
562,경기도 광주시 회덕동,118852005.40315875
563,경기도 구리시 갈매동,275385860.9669303
564,경기도 구리시 교문동,258694890.42942137
565,경기도 구리시 사노동,144640000.0
566,경기도 구리시 수택동,169354576.6090705
567,경기도 구리시 아천동,299381014.3042913
568,경기도 구리시 인창동,207473620.8738875
569,경기도 구리시 토평동,306255694.1905746
570,경기도 군포시 금정동,143655886.83433345
571,경기도 군포시 당동,171585531.17532045
572,경기도 군포시 당정동,219985861.59281245
573,경기도 군포시 대야미동,157480481.8677215
574,경기도 군포시 도마교동,248240516.46481836
575,경기도 군포시 부곡동,202988315.2688625
576,경기도 군포시 산본동,208697985.13791507
577,경기도 군포시 속달동,204292682.92682928
578,경기도 김포시 감정동,143216619.64261723
579,경기도 김포시 걸포동,307573775.68809766
580,경기도 김포시 고촌면 신곡리,214211324.570273
581,경기도 김포시 고촌면 향산리,62131818.18181818
582,경기도 김포시 고촌읍 신곡리,261678092.73649263
583,경기도 김포시 고촌읍 향산리,73963636.36363636
584,경기도 김포시 구래동,223246105.292628
585,경기도 김포시 대곶면 대능리,51567600.0
586,경기도 김포시 대곶면 대명리,56302652.5198939
587,경기도 김포시 대곶면 대벽리,71208510.63829787
588,경기도 김포시 대곶면 상마리,30954583.33333333
589,경기도 김포시 대곶면 석정리,51510267.85714286
590,경기도 김포시 대곶면 송마리,56307692.3076923
591,경기도 김포시 대곶면 율생리,45487336.36120759
592,경기도 김포시 마산동,162454311.92882356
593,경기도 김포시 북변동,142100125.89092037
594,경기도 김포시 사우동,126694482.30083908
595,경기도 김포시 양촌면 구래리,27168257.49167592
596,경기도 김포시 양촌면 누산리,39668730.6501548
597,경기도 김포시 양촌면 석모리,78652631.57894737
598,경기도 김포시 양촌면 양곡리,70153265.55760936
599,경기도 김포시 양촌면 유현리,30125000.0
600,경기도 김포시 양촌면 학운리,116091903.71991248
601,경기도 김포시 양촌읍 구래리,36525968.99224806
602,경기도 김포시 양촌읍 누산리,47820166.66666666
603,경기도 김포시 양촌읍 대포리,72593103.44827586
604,경기도 김포시 양촌읍 석모리,75206315.78947368
605,경기도 김포시 양촌읍 양곡리,92992050.90721472
606,경기도 김포시 양촌읍 유현리,37200000.0
607,경기도 김포시 양촌읍 학운리,127645506.14947966
608,경기도 김포시 운양동,264905555.37239128
609,경기도 김포시 월곶면 갈산리,40174382.71604938
610,경기도 김포시 월곶면 고막리,71254166.66666667
611,경기도 김포시 월곶면 군하리,44898436.38948117
612,경기도 김포시 월곶면 포내리,33332072.072072074
613,경기도 김포시 장기동,218694793.00841743
614,경기도 김포시 통진읍 가현리,62417541.83496826
615,경기도 김포시 통진읍 고정리,40013392.85714286
616,경기도 김포시 통진읍 도사리,86161508.53038013
617,경기도 김포시 통진읍 마송리,74192365.89909543
618,경기도 김포시 통진읍 서암리,62920511.70687409
619,경기도 김포시 통진읍 수참리,41041579.86111111
620,경기도 김포시 풍무동,202165185.7764001
621,경기도 김포시 하성면 마곡리,46393350.35254072
622,경기도 김포시 하성면 석탄리,46801995.30516432
623,경기도 김포시 하성면 전류리,65911658.45648605
624,경기도 남양주시 가운동,161779448.78543168
625,경기도 남양주시 금곡동,96422760.61679724
626,경기도 남양주시 다산동,351432793.36782163
627,경기도 남양주시 도농동,259573842.33425525
628,경기도 남양주시 별내동,256915785.10497013
629,경기도 남양주시 별내면 청학리,132820904.46241388
630,경기도 남양주시 별내면 화접리,138666666.66666666
631,경기도 남양주시 삼패동,77002857.14285715
632,경기도 남양주시 수동면 내방리,39297718.63117871
633,경기도 남양주시 수동면 송천리,29268055.55555556
634,경기도 남양주시 수동면 수산리,29643396.22641509
635,경기도 남양주시 수동면 외방리,35416079.295154184
636,경기도 남양주시 수동면 운수리,47790597.92943165
637,경기도 남양주시 수동면 입석리,41431476.68393783
638,경기도 남양주시 수동면 지둔리,70437500.0
639,경기도 남양주시 수석동,194800000.0
640,경기도 남양주시 오남읍 양지리,128516824.09200491
641,경기도 남양주시 오남읍 오남리,103115121.75212814
642,경기도 남양주시 와부읍 덕소리,200734989.72612935
643,경기도 남양주시 와부읍 도곡리,236108697.1718771
644,경기도 남양주시 와부읍 월문리,41889062.5
645,경기도 남양주시 와부읍 팔당리,120825000.0
646,경기도 남양주시 이패동,86760416.66666667
647,경기도 남양주시 조안면 삼봉리,76238679.24528302
648,경기도 남양주시 지금동,184015694.64498717
649,경기도 남양주시 진건읍 사능리,53858645.36528541
650,경기도 남양주시 진건읍 송능리,47236699.74915476
651,경기도 남양주시 진건읍 신월리,112314139.94169097
652,경기도 남양주시 진건읍 용정리,94762254.59324773
653,경기도 남양주시 진건읍 진관리,97760649.4746896
654,경기도 남양주시 진접읍 금곡리,165974060.41093746
655,경기도 남양주시 진접읍 내각리,73186975.60586311
656,경기도 남양주시 진접읍 내곡리,206000000.0
657,경기도 남양주시 진접읍 부평리,130623777.88324632
658,경기도 남양주시 진접읍 연평리,153267298.09292206
659,경기도 남양주시 진접읍 장현리,107289164.80752242
660,경기도 남양주시 진접읍 진벌리,122603944.91697045
661,경기도 남양주시 진접읍 팔야리,50359682.46030754
662,경기도 남양주시 퇴계원면 퇴계원리,134732051.29291713
663,경기도 남양주시 퇴계원읍 퇴계원리,193537739.6980824
664,경기도 남양주시 평내동,154128024.2700038
665,경기도 남양주시 호평동,180966430.69092909
666,경기도 남양주시 화도읍 가곡리,87258742.45148204
667,경기도 남양주시 화도읍 구암리,63469656.48854962
668,경기도 남양주시 화도읍 금남리,123344738.5620915
669,경기도 남양주시 화도읍 녹촌리,147971190.97867516
670,경기도 남양주시 화도읍 답내리,155960852.76310703
671,경기도 남양주시 화도읍 마석우리,134720879.61392412
672,경기도 남양주시 화도읍 묵현리,88913174.80138263
673,경기도 남양주시 화도읍 월산리,163899285.0241546
674,경기도 남양주시 화도읍 차산리,144628123.3546446
675,경기도 남양주시 화도읍 창현리,119432631.52108184
676,경기도 동두천시 광암동,31296500.94996833
677,경기도 동두천시 동두천동,77146487.71226664
678,경기도 동두천시 보산동,44984882.83667875
679,경기도 동두천시 상봉암동,38850954.460386775
680,경기도 동두천시 상패동,42864285.005457975
681,경기도 동두천시 생연동,63884346.94793537
682,경기도 동두천시 송내동,84122514.08450705
683,경기도 동두천시 안흥동,20326171.875
684,경기도 동두천시 지행동,94495692.4333556
685,경기도 동두천시 탑동동,28152083.33333333
686,경기도 동두천시 하봉암동,28458493.03135889
687,경기도 부천시 계수동,171192982.45614034
688,경기도 부천시 고강동,89118926.27669024
689,경기도 부천시 괴안동,128062231.90052389
690,경기도 부천시 내동,101546423.40358604
691,경기도 부천시 대장동,271875000.0
692,경기도 부천시 도당동,100185500.93898112
693,경기도 부천시 범박동,289669471.97400486
694,경기도 부천시 삼정동,106246205.11290164
695,경기도 부천시 상동,271908794.2763797
696,경기도 부천시 소사구 계수동,121341307.81499204
697,경기도 부천시 소사구 괴안동,101290193.06727748
698,경기도 부천시 소사구 범박동,234253789.88326848
699,경기도 부천시 소사구 소사본동,145619030.82181042
700,경기도 부천시 소사구 송내동,139687750.11038145
701,경기도 부천시 소사구 심곡본동,91996351.90198812
702,경기도 부천시 소사구 옥길동,95531250.0
703,경기도 부천시 소사동,101335553.91588491
704,경기도 부천시 소사본동,186546567.991349
705,경기도 부천시 송내동,184054547.12958333
706,경기도 부천시 심곡동,105364959.78502248
707,경기도 부천시 심곡본동,121372233.78589337
708,경기도 부천시 약대동,252555875.92997003
709,경기도 부천시 여월동,168061081.57811558
710,경기도 부천시 역곡동,164735974.37416217
711,경기도 부천시 오정구 고강동,66830918.67824171
712,경기도 부천시 오정구 내동,64187408.06119447
713,경기도 부천시 오정구 삼정동,73299697.92029743
714,경기도 부천시 오정구 여월동,108378692.85623328
715,경기도 부천시 오정구 오정동,92077932.53164864
716,경기도 부천시 오정구 원종동,76556570.70788543
717,경기도 부천시 오정구 작동,70261201.07472225
718,경기도 부천시 오정동,128268001.7124102
719,경기도 부천시 옥길동,292237930.35993737
720,경기도 부천시 원미구 도당동,72353394.3707638
721,경기도 부천시 원미구 상동,240053696.12016642
722,경기도 부천시 원미구 소사동,74044269.99893196
723,경기도 부천시 원미구 심곡동,77612836.93486977
724,경기도 부천시 원미구 약대동,153112479.15865076
725,경기도 부천시 원미구 역곡동,117563159.76262991
726,경기도 부천시 원미구 원미동,107399869.48494302
727,경기도 부천시 원미구 중동,191720835.82677263
728,경기도 부천시 원미구 춘의동,103139034.76602612
729,경기도 부천시 원미동,131440263.9531982
730,경기도 부천시 원종동,113344074.78854428
731,경기도 부천시 작동,101764594.36855309
732,경기도 부천시 중동,240728978.3997376
733,경기도 부천시 춘의동,127193875.80106509
734,경기도 성남시 분당구 구미동,331751376.997563
735,경기도 성남시 분당구 궁내동,259718311.47918105
736,경기도 성남시 분당구 금곡동,347363023.17146885
737,경기도 성남시 분당구 대장동,124308238.75577974
738,경기도 성남시 분당구 동원동,141770931.24456048
739,경기도 성남시 분당구 백현동,561350639.6389471
740,경기도 성남시 분당구 분당동,414292495.2168025
741,경기도 성남시 분당구 삼평동,536594341.6335626
742,경기도 성남시 분당구 서현동,465992841.46451306
743,경기도 성남시 분당구 수내동,524851342.58334994
744,경기도 성남시 분당구 야탑동,328138005.0306017
745,경기도 성남시 분당구 운중동,552303857.7154309
746,경기도 성남시 분당구 율동,244483091.78743958
747,경기도 성남시 분당구 이매동,491166050.15305585
748,경기도 성남시 분당구 정자동,496019062.4162254
749,경기도 성남시 분당구 판교동,578648445.2173913
750,경기도 성남시 수정구 고등동,409651685.00687766
751,경기도 성남시 수정구 금토동,135924403.66972476
752,경기도 성남시 수정구 단대동,160190682.08760145
753,경기도 성남시 수정구 복정동,72196381.8321786
754,경기도 성남시 수정구 사송동,142408906.25
755,경기도 성남시 수정구 산성동,104975545.08181018
756,경기도 성남시 수정구 상적동,374654761.90476185
757,경기도 성남시 수정구 수진동,213104712.0535218
758,경기도 성남시 수정구 시흥동,453494070.7523667
759,경기도 성남시 수정구 신촌동,286666666.6666667
760,경기도 성남시 수정구 신흥동,255568829.2046936
761,경기도 성남시 수정구 심곡동,404088888.8888889
762,경기도 성남시 수정구 양지동,122989832.68983269
763,경기도 성남시 수정구 오야동,500537313.4328358
764,경기도 성남시 수정구 창곡동,534064564.5363996
765,경기도 성남시 수정구 태평동,140972655.11297366
766,경기도 성남시 중원구 갈현동,192805555.55555555
767,경기도 성남시 중원구 금광동,144308621.51080924
768,경기도 성남시 중원구 도촌동,230693311.631552
769,경기도 성남시 중원구 상대원동,120492391.87324546
770,경기도 성남시 중원구 성남동,158199970.78508446
771,경기도 성남시 중원구 여수동,437509643.0838338
772,경기도 성남시 중원구 은행동,119300001.88167112
773,경기도 성남시 중원구 중동,84162518.74062969
774,경기도 성남시 중원구 중앙동,261767746.8906397
775,경기도 성남시 중원구 하대원동,205114843.3535902
776,경기도 수원시 권선구 고색동,119653908.78747512
777,경기도 수원시 권선구 곡반정동,159225617.53280067
778,경기도 수원시 권선구 구운동,148368864.04422992
779,경기도 수원시 권선구 권선동,195468767.7448912
780,경기도 수원시 권선구 금곡동,174467920.40582392
781,경기도 수원시 권선구 당수동,143340147.00126126
782,경기도 수원시 권선구 서둔동,132544136.76089253
783,경기도 수원시 권선구 세류동,111917485.71269852
784,경기도 수원시 권선구 오목천동,136081494.25127557
785,경기도 수원시 권선구 입북동,185698149.98122677
786,경기도 수원시 권선구 장지동,39704464.28571428
787,경기도 수원시 권선구 탑동,92007348.86657237
788,경기도 수원시 권선구 평동,162440890.83948082
789,경기도 수원시 권선구 호매실동,161725660.3005253
790,경기도 수원시 영통구 망포동,261269673.85885152
791,경기도 수원시 영통구 매탄동,207357928.20442808
792,경기도 수원시 영통구 신동,375019548.87218046
793,경기도 수원시 영통구 영통동,218392322.86507225
794,경기도 수원시 영통구 원천동,252226012.83065292
795,경기도 수원시 영통구 이의동,548549975.487192
796,경기도 수원시 영통구 하동,345901295.27127653
797,경기도 수원시 장안구 송죽동,112211841.17854208
798,경기도 수원시 장안구 연무동,77925034.16510604
799,경기도 수원시 장안구 영화동,79139520.91969742
800,경기도 수원시 장안구 율전동,144267998.49258855
801,경기도 수원시 장안구 이목동,299568813.0117529
802,경기도 수원시 장안구 정자동,178005799.11573583
803,경기도 수원시 장안구 조원동,178453443.9322876
804,경기도 수원시 장안구 천천동,236169882.6351812
805,경기도 수원시 장안구 파장동,81114921.68459086
806,경기도 수원시 장안구 하광교동,85187500.0
807,경기도 수원시 팔달구 고등동,86845137.31825525
808,경기도 수원시 팔달구 교동,102650320.90980746
809,경기도 수원시 팔달구 구천동,69105985.03740649
810,경기도 수원시 팔달구 남수동,75101898.73417722
811,경기도 수원시 팔달구 남창동,54560467.24690793
812,경기도 수원시 팔달구 매교동,102087062.4873062
813,경기도 수원시 팔달구 매산로1가,78309028.37489252
814,경기도 수원시 팔달구 매산로2가,164539342.49205112
815,경기도 수원시 팔달구 매산로3가,100010268.47791208
816,경기도 수원시 팔달구 매향동,60525770.17114914
817,경기도 수원시 팔달구 북수동,60198762.52209782
818,경기도 수원시 팔달구 신풍동,55626285.71428572
819,경기도 수원시 팔달구 영동,45109944.75138122
820,경기도 수원시 팔달구 우만동,149476394.39658883
821,경기도 수원시 팔달구 인계동,153785874.55553588
822,경기도 수원시 팔달구 장안동,45879655.1724138
823,경기도 수원시 팔달구 중동,133658677.6859504
824,경기도 수원시 팔달구 지동,70852577.0227469
825,경기도 수원시 팔달구 팔달로1가,59673993.47116431
826,경기도 수원시 팔달구 팔달로2가,151543478.26086956
827,경기도 수원시 팔달구 팔달로3가,46190625.0
828,경기도 수원시 팔달구 화서동,182532166.6658344
829,경기도 시흥시 거모동,68755539.18850702
830,경기도 시흥시 계수동,86358974.35897435
831,경기도 시흥시 과림동,120561111.11111109
832,경기도 시흥시 군자동,57750000.0
833,경기도 시흥시 논곡동,98288957.56567216
834,경기도 시흥시 능곡동,140369433.78968492
835,경기도 시흥시 대야동,137411947.8504686
836,경기도 시흥시 도창동,107096888.49934264
837,경기도 시흥시 매화동,70541891.0719143
838,경기도 시흥시 목감동,130363958.17774458
839,경기도 시흥시 물왕동,94312500.0
840,경기도 시흥시 미산동,90502420.52203424
841,경기도 시흥시 산현동,280525395.50374687
842,경기도 시흥시 신천동,84895255.29228692
843,경기도 시흥시 안현동,323227272.72727275
844,경기도 시흥시 월곶동,122828340.9521354
845,경기도 시흥시 은행동,156646374.1004564
846,경기도 시흥시 장곡동,140141287.5475622
847,경기도 시흥시 장현동,132774592.56163812
848,경기도 시흥시 정왕동,142839067.7583845
849,경기도 시흥시 조남동,172417012.92549232
850,경기도 시흥시 죽율동,198702972.99135995
851,경기도 시흥시 포동,88701722.8093351
852,경기도 시흥시 하상동,139517491.93223074
853,경기도 시흥시 하중동,133218024.24181964
854,경기도 안산시 단원구 고잔동,180567345.47790807
855,경기도 안산시 단원구 대부동동,75877354.26008968
856,경기도 안산시 단원구 대부북동,60164309.21052632
857,경기도 안산시 단원구 선부동,111518385.74382456
858,경기도 안산시 단원구 신길동,142465995.852578
859,경기도 안산시 단원구 와동,75046732.03173083
860,경기도 안산시 단원구 원곡동,125781663.38190094
861,경기도 안산시 단원구 원시동,51897500.0
862,경기도 안산시 단원구 초지동,157075666.04461437
863,경기도 안산시 단원구 화정동,141487500.0
864,경기도 안산시 상록구 건건동,124270166.12678713
865,경기도 안산시 상록구 본오동,106610893.97195783
866,경기도 안산시 상록구 부곡동,82019047.78731875
867,경기도 안산시 상록구 사동,149726505.8152917
868,경기도 안산시 상록구 사사동,89308369.23076923
869,경기도 안산시 상록구 성포동,159971425.25174284
870,경기도 안산시 상록구 수암동,69147425.87805991
871,경기도 안산시 상록구 월피동,103935256.1522984
872,경기도 안산시 상록구 이동,86770081.31936184
873,경기도 안산시 상록구 일동,71914340.19996552
874,경기도 안산시 상록구 장상동,66092486.51993282
875,경기도 안산시 상록구 팔곡이동,57158830.83763813
876,경기도 안산시 상록구 팔곡일동,53363378.65201041
877,경기도 안성시 가사동,145924901.18577075
878,경기도 안성시 계동,52013811.56316917
879,경기도 안성시 공도읍 마정리,75578483.96747145
880,경기도 안성시 공도읍 만정리,122245524.21462858
881,경기도 안성시 공도읍 승두리,66930397.64359352
882,경기도 안성시 공도읍 신두리,23296491.228070173
883,경기도 안성시 공도읍 양기리,94920473.42192692
884,경기도 안성시 공도읍 용두리,71033402.23034032
885,경기도 안성시 공도읍 웅교리,27864062.5
886,경기도 안성시 공도읍 진사리,86191004.52533081
887,경기도 안성시 구포동,38890296.05263158
888,경기도 안성시 금광면 신양복리,58490137.54861011
889,경기도 안성시 금산동,69760037.22023605
890,경기도 안성시 금석동,47573622.24448898
891,경기도 안성시 낙원동,62290705.88235294
892,경기도 안성시 당왕동,102361194.92790765
893,경기도 안성시 대덕면 건지리,49818150.68493151
894,경기도 안성시 대덕면 내리,31931391.45012573
895,경기도 안성시 대덕면 모산리,32752822.580645166
896,경기도 안성시 대덕면 신령리,127044008.927326
897,경기도 안성시 대덕면 죽리,25842695.21410579
898,경기도 안성시 대덕면 진현리,60471376.05042017
899,경기도 안성시 대천동,91833333.33333331
900,경기도 안성시 도기동,71444288.79310344
901,경기도 안성시 동본동,71753246.75324675
902,경기도 안성시 명륜동,32788013.318534967
903,경기도 안성시 미양면 보체리,82646647.2303207
904,경기도 안성시 미양면 양변리,33912019.05459876
905,경기도 안성시 미양면 양지리,36615740.74074074
906,경기도 안성시 미양면 정동리,107250000.0
907,경기도 안성시 보개면 기좌리,51410237.06896552
908,경기도 안성시 봉남동,38572235.02304147
909,경기도 안성시 봉산동,65556179.38264415
910,경기도 안성시 삼죽면 덕산리,24856944.444444444
911,경기도 안성시 삼죽면 용월리,51441956.88225539
912,경기도 안성시 서운면 양촌리,16645312.5
913,경기도 안성시 석정동,158357797.12339136
914,경기도 안성시 성남동,36259324.75884245
915,경기도 안성시 숭인동,98310622.26769602
916,경기도 안성시 신건지동,24504995.374653094
917,경기도 안성시 신모산동,22343625.0
918,경기도 안성시 신소현동,130898233.59527168
919,경기도 안성시 신흥동,71558859.47046843
920,경기도 안성시 아양동,51271769.69345605
921,경기도 안성시 양성면 구장리,27940000.0
922,경기도 안성시 양성면 노곡리,67727397.26027398
923,경기도 안성시 양성면 동항리,30944862.00822079
924,경기도 안성시 연지동,47642741.93548387
925,경기도 안성시 영동,112785238.09523807
926,경기도 안성시 옥산동,56671181.6964829
927,경기도 안성시 옥천동,51336386.76844784
928,경기도 안성시 원곡면 반제리,66938071.06598985
929,경기도 안성시 원곡면 외가천리,99396569.46826756
930,경기도 안성시 원곡면 칠곡리,121397297.29729728
931,경기도 안성시 인지동,48703824.92113565
932,경기도 안성시 일죽면 금산리,43876923.07692308
933,경기도 안성시 일죽면 산북리,23405078.125
934,경기도 안성시 일죽면 송천리,62797926.42140468
935,경기도 안성시 일죽면 주천리,28372352.21674877
936,경기도 안성시 죽산면 당목리,53023376.62337662
937,경기도 안성시 죽산면 매산리,34724414.0625
938,경기도 안성시 죽산면 장원리,52906106.5830721
939,경기도 안성시 죽산면 죽산리,40591313.35671023
940,경기도 안성시 죽산면 칠장리,179375000.0
941,경기도 안성시 중리동,101984844.93856056
942,경기도 안성시 창전동,49988119.24594476
943,경기도 안성시 현수동,61955000.0
944,경기도 안양시 동안구 관양동,193886516.28696293
945,경기도 안양시 동안구 비산동,217265088.5403113
946,경기도 안양시 동안구 평촌동,331488731.5460944
947,경기도 안양시 동안구 호계동,264957898.1859147
948,경기도 안양시 만안구 박달동,170894518.90634918
949,경기도 안양시 만안구 석수동,193490240.0250012
950,경기도 안양시 만안구 안양동,158864527.44802257
951,경기도 양주시 고암동,93559865.27572136
952,경기도 양주시 고읍동,142886247.53911513
953,경기도 양주시 광사동,153211495.81589958
954,경기도 양주시 광적면 가납리,72159139.85554826
955,경기도 양주시 광적면 광석리,56439498.34619625
956,경기도 양주시 광적면 덕도리,37547222.222222224
957,경기도 양주시 광적면 석우리,42582151.565395504
958,경기도 양주시 남면 상수리,54486170.21276595
959,경기도 양주시 남면 신산리,28782103.67007189
960,경기도 양주시 남면 한산리,28836348.68421053
961,경기도 양주시 덕계동,93814155.77452812
962,경기도 양주시 덕정동,110048992.66224146
963,경기도 양주시 만송동,93216240.08810572
964,경기도 양주시 백석읍 가업리,86366090.72200309
965,경기도 양주시 백석읍 기산리,109555932.20338982
966,경기도 양주시 백석읍 방성리,52773522.87112114
967,경기도 양주시 백석읍 복지리,99573401.76555122
968,경기도 양주시 백석읍 오산리,71793432.93492696
969,경기도 양주시 백석읍 홍죽리,34125652.17391305
970,경기도 양주시 봉양동,19595625.0
971,경기도 양주시 산북동,84883930.48348571
972,경기도 양주시 삼숭동,122163735.33167426
973,경기도 양주시 옥정동,133752340.8563386
974,경기도 양주시 은현면 봉암리,21373750.0
975,경기도 양주시 은현면 선암리,26415340.90909091
976,경기도 양주시 은현면 용암리,56857509.15750916
977,경기도 양주시 장흥면 교현리,197039145.90747333
978,경기도 양주시 장흥면 부곡리,126809092.39977044
979,경기도 양주시 장흥면 삼상리,105277011.49425288
980,경기도 양주시 장흥면 일영리,119392344.98971497
981,경기도 양주시 회정동,81396966.69963732
982,경기도 양평군 강상면 교평리,71494457.83132531
983,경기도 양평군 강상면 병산리,174638993.47965837
984,경기도 양평군 강상면 세월리,75037500.0
985,경기도 양평군 강상면 송학리,67155180.18018018
986,경기도 양평군 강상면 신화리,80626797.38562092
987,경기도 양평군 강하면 성덕리,66692424.24242424
988,경기도 양평군 강하면 왕창리,108751562.5
989,경기도 양평군 강하면 운심리,84555555.55555555
990,경기도 양평군 강하면 전수리,54224024.02402402
991,경기도 양평군 개군면 하자포리,59969464.28571428
992,경기도 양평군 단월면 명성리,69262500.0
993,경기도 양평군 단월면 부안리,112041025.64102563
994,경기도 양평군 단월면 삼가리,99222222.22222222
995,경기도 양평군 단월면 향소리,32682812.5
996,경기도 양평군 서종면 도장리,191428571.42857143
997,경기도 양평군 서종면 문호리,99497597.17314488
998,경기도 양평군 서종면 수능리,70775384.61538461
999,경기도 양평군 서종면 수입리,60678000.0
1000,경기도 양평군 서종면 정배리,98600000.0
1001,경기도 양평군 양동면 고송리,71908333.33333333
1002,경기도 양평군 양동면 쌍학리,33908655.12649801
1003,경기도 양평군 양서면 국수리,117164995.89153656
1004,경기도 양평군 양서면 대심리,91352573.52941176
1005,경기도 양평군 양서면 복포리,117561777.77777778
1006,경기도 양평군 양서면 부용리,109937500.0
1007,경기도 양평군 양서면 양수리,133066573.26625486
1008,경기도 양평군 양서면 용담리,124629911.88378184
1009,경기도 양평군 양평읍 공흥리,88383072.6525383
1010,경기도 양평군 양평읍 대흥리,59754166.66666666
1011,경기도 양평군 양평읍 덕평리,42991666.66666666
1012,경기도 양평군 양평읍 도곡리,45341250.0
1013,경기도 양평군 양평읍 백안리,170426375.18684605
1014,경기도 양평군 양평읍 양근리,130450598.06816477
1015,경기도 양평군 양평읍 오빈리,86220352.25048923
1016,경기도 양평군 양평읍 창대리,51430269.81450253
1017,경기도 양평군 양평읍 회현리,35729104.47761194
1018,경기도 양평군 옥천면 신복리,114566159.69581749
1019,경기도 양평군 옥천면 아신리,71638515.54663992
1020,경기도 양평군 옥천면 옥천리,68530500.34270048
1021,경기도 양평군 옥천면 용천리,59110743.80165289
1022,경기도 양평군 용문면 금곡리,62519010.21209741
1023,경기도 양평군 용문면 다문리,90743387.50350238
1024,경기도 양평군 용문면 덕촌리,91033333.33333331
1025,경기도 양평군 용문면 마룡리,92520762.97686054
1026,경기도 양평군 용문면 삼성리,74307719.29824561
1027,경기도 양평군 용문면 조현리,100905405.4054054
1028,경기도 양평군 용문면 중원리,67230769.23076923
1029,경기도 양평군 지제면 지평리,22880597.01492537
1030,경기도 양평군 지평면 무왕리,57025000.0
1031,경기도 양평군 지평면 송현리,85554545.45454545
1032,경기도 양평군 지평면 월산리,211590000.0
1033,경기도 양평군 지평면 지평리,33627825.15991471
1034,경기도 양평군 청운면 가현리,80755970.14925373
1035,경기도 양평군 청운면 여물리,23135416.66666667
1036,경기도 양평군 청운면 용두리,32548837.209302325
1037,경기도 여주군 가남면 건장리,41093750.0
1038,경기도 여주군 가남면 신해리,51690126.05042017
1039,경기도 여주군 가남면 심석리,38202506.59630607
1040,경기도 여주군 가남면 양귀리,30000000.0
1041,경기도 여주군 가남면 은봉리,31291666.66666667
1042,경기도 여주군 가남면 태평리,45883979.47548461
1043,경기도 여주군 강천면 강천리,38729166.66666666
1044,경기도 여주군 강천면 도전리,18410000.0
1045,경기도 여주군 금사면 외평리,30218750.0
1046,경기도 여주군 금사면 하호리,15631578.94736842
1047,경기도 여주군 능서면 번도리,23525438.59649123
1048,경기도 여주군 능서면 신지리,17480357.14285714
1049,경기도 여주군 대신면 율촌리,18187242.02626641
1050,경기도 여주군 대신면 장풍리,16503125.0
1051,경기도 여주군 북내면 당우리,25219204.54545455
1052,경기도 여주군 북내면 오학리,30928832.11678832
1053,경기도 여주군 북내면 천송리,18117647.05882353
1054,경기도 여주군 북내면 현암리,18436708.860759493
1055,경기도 여주군 산북면 상품리,25101851.85185185
1056,경기도 여주군 산북면 송현리,39210937.5
1057,경기도 여주군 산북면 하품리,32093750.0
1058,경기도 여주군 여주읍 교리,91832188.16067654
1059,경기도 여주군 여주읍 멱곡리,93408000.0
1060,경기도 여주군 여주읍 삼교리,23889705.88235294
1061,경기도 여주군 여주읍 상리,34033220.99181512
1062,경기도 여주군 여주읍 연양리,94785989.010989
1063,경기도 여주군 여주읍 오학리,112063592.41353664
1064,경기도 여주군 여주읍 월송리,72178758.74125874
1065,경기도 여주군 여주읍 점봉리,45795587.22527473
1066,경기도 여주군 여주읍 창리,27090989.399293285
1067,경기도 여주군 여주읍 천송리,35326815.642458096
1068,경기도 여주군 여주읍 하리,58278046.06240714
1069,경기도 여주군 여주읍 현암리,61482418.31944045
1070,경기도 여주군 여주읍 홍문리,63500660.8478803
1071,경기도 여주군 점동면 성신리,23350000.0
1072,경기도 여주군 점동면 청안리,23048717.94871795
1073,경기도 여주군 흥천면 상백리,22583333.33333333
1074,경기도 여주군 흥천면 효지리,18304687.5
1075,경기도 여주시 가남읍 건장리,52176562.5
1076,경기도 여주시 가남읍 삼군리,110888888.88888891
1077,경기도 여주시 가남읍 신해리,75984049.1248713
1078,경기도 여주시 가남읍 심석리,46170596.96569921
1079,경기도 여주시 가남읍 은봉리,41689583.333333336
1080,경기도 여주시 가남읍 태평리,62930890.28121813
1081,경기도 여주시 강천면 강천리,46168750.0
1082,경기도 여주시 강천면 도전리,26721500.0
1083,경기도 여주시 강천면 이호리,65750000.0
1084,경기도 여주시 교동,124628062.09377171
1085,경기도 여주시 금사면 외평리,42015625.0
1086,경기도 여주시 금사면 이포리,64903125.0
1087,경기도 여주시 금사면 하호리,19789473.684210528
1088,경기도 여주시 능서면 번도리,43720471.01449275
1089,경기도 여주시 능서면 신지리,84892091.3884007
1090,경기도 여주시 대신면 율촌리,38139386.79245283
1091,경기도 여주시 대신면 장풍리,22071875.0
1092,경기도 여주시 멱곡동,113103222.22222222
1093,경기도 여주시 북내면 당우리,32393750.0
1094,경기도 여주시 산북면 명품리,40290625.0
1095,경기도 여주시 산북면 상품리,33543518.51851852
1096,경기도 여주시 산북면 송현리,66473125.0
1097,경기도 여주시 삼교동,29958823.529411767
1098,경기도 여주시 상동,54953172.20543807
1099,경기도 여주시 연라동,61022222.22222222
1100,경기도 여주시 연양동,112795787.54578754
1101,경기도 여주시 오학동,126937714.5659637
1102,경기도 여주시 월송동,93773738.4356602
1103,경기도 여주시 점동면 성신리,32851250.0
1104,경기도 여주시 점동면 청안리,35179861.11111111
1105,경기도 여주시 점봉동,75471567.51384354
1106,경기도 여주시 창동,44694038.92944039
1107,경기도 여주시 천송동,111078313.79621279
1108,경기도 여주시 하동,81933814.40517941
1109,경기도 여주시 현암동,94253544.6854031
1110,경기도 여주시 홍문동,93143085.91609327
1111,경기도 여주시 흥천면 상백리,27261904.76190476
1112,경기도 여주시 흥천면 효지리,27551562.5
1113,경기도 연천군 백학면 노곡리,70482407.4074074
1114,경기도 연천군 백학면 두일리,71946590.9090909
1115,경기도 연천군 신서면 대광리,11389583.333333336
1116,경기도 연천군 신서면 도신리,25493412.16216216
1117,경기도 연천군 연천읍 상리,15710625.0
1118,경기도 연천군 연천읍 옥산리,49585357.98122066
1119,경기도 연천군 연천읍 차탄리,25300193.14340898
1120,경기도 연천군 연천읍 현가리,45093827.16049383
1121,경기도 연천군 전곡읍 은대리,47311168.07537758
1122,경기도 연천군 전곡읍 전곡리,53632393.12956154
1123,경기도 연천군 청산면 궁평리,12770657.89473684
1124,경기도 연천군 청산면 백의리,51061867.0886076
1125,경기도 연천군 청산면 초성리,59730187.31988473
1126,경기도 오산시 가수동,107846216.6353767
1127,경기도 오산시 가장동,43760400.0
1128,경기도 오산시 갈곶동,115890752.7430467
1129,경기도 오산시 고현동,124659629.67708868
1130,경기도 오산시 궐동,102387410.75178497
1131,경기도 오산시 금암동,131860511.71944892
1132,경기도 오산시 내삼미동,173453587.11566618
1133,경기도 오산시 누읍동,83352301.63052183
1134,경기도 오산시 벌음동,23812500.0
1135,경기도 오산시 부산동,132819782.95676926
1136,경기도 오산시 서동,89562342.44180697
1137,경기도 오산시 세교동,161050039.67204443
1138,경기도 오산시 수청동,135136301.2291574
1139,경기도 오산시 양산동,189629858.54064447
1140,경기도 오산시 오산동,120861774.31337634
1141,경기도 오산시 외삼미동,250654432.52399772
1142,경기도 오산시 원동,125871012.42299962
1143,경기도 오산시 은계동,75662949.11984567
1144,경기도 오산시 지곶동,170672682.92682928
1145,경기도 오산시 청학동,44256274.27346993
1146,경기도 오산시 청호동,139531885.0018608
1147,경기도 오산시 탑동,33354617.11711712
1148,경기도 용인시 기흥구 고매동,158923792.50180858
1149,경기도 용인시 기흥구 공세동,197822245.51687765
1150,경기도 용인시 기흥구 구갈동,247070063.2097513
1151,경기도 용인시 기흥구 농서동,93520185.0881788
1152,경기도 용인시 기흥구 동백동,211533994.62741393
1153,경기도 용인시 기흥구 마북동,270496099.80135715
1154,경기도 용인시 기흥구 보라동,215948720.398043
1155,경기도 용인시 기흥구 보정동,394191019.3565884
1156,경기도 용인시 기흥구 상갈동,181507714.07297096
1157,경기도 용인시 기흥구 상하동,181663377.84543
1158,경기도 용인시 기흥구 서천동,231370552.31896994
1159,경기도 용인시 기흥구 신갈동,192749211.33916983
1160,경기도 용인시 기흥구 언남동,249974758.32438242
1161,경기도 용인시 기흥구 영덕동,240160349.02735087
1162,경기도 용인시 기흥구 중동,273994297.7370998
1163,경기도 용인시 기흥구 지곡동,186334180.21680215
1164,경기도 용인시 기흥구 청덕동,146403884.18379653
1165,경기도 용인시 기흥구 하갈동,193072057.6353353
1166,경기도 용인시 수지구 고기동,193971119.133574
1167,경기도 용인시 수지구 동천동,360040757.25900114
1168,경기도 용인시 수지구 상현동,316183417.7786185
1169,경기도 용인시 수지구 성복동,456568909.35962814
1170,경기도 용인시 수지구 신봉동,330682830.93053734
1171,경기도 용인시 수지구 죽전동,282174788.55886096
1172,경기도 용인시 수지구 풍덕천동,282441067.5470677
1173,경기도 용인시 처인구 고림동,114980815.27052484
1174,경기도 용인시 처인구 김량장동,101330814.64837214
1175,경기도 용인시 처인구 남동,140921468.46478683
1176,경기도 용인시 처인구 남사면 봉무리,45467599.27797834
1177,경기도 용인시 처인구 남사면 북리,46945600.0
1178,경기도 용인시 처인구 남사면 아곡리,170119456.39421198
1179,경기도 용인시 처인구 남사면 완장리,175965026.2018683
1180,경기도 용인시 처인구 남사면 원암리,33675438.596491225
1181,경기도 용인시 처인구 남사읍 봉무리,61701000.0
1182,경기도 용인시 처인구 남사읍 북리,45608000.0
1183,경기도 용인시 처인구 남사읍 아곡리,240867387.75510204
1184,경기도 용인시 처인구 남사읍 완장리,235510138.9838232
1185,경기도 용인시 처인구 남사읍 원암리,37294736.84210526
1186,경기도 용인시 처인구 마평동,91068386.830629
1187,경기도 용인시 처인구 모현면 갈담리,62489117.29141475
1188,경기도 용인시 처인구 모현면 능원리,95180851.0638298
1189,경기도 용인시 처인구 모현면 동림리,81484657.34742585
1190,경기도 용인시 처인구 모현면 매산리,61542207.79220779
1191,경기도 용인시 처인구 모현면 왕산리,76035957.86992708
1192,경기도 용인시 처인구 모현면 일산리,142185244.89482573
1193,경기도 용인시 처인구 모현면 초부리,46464894.68405216
1194,경기도 용인시 처인구 모현읍 갈담리,65335862.06896552
1195,경기도 용인시 처인구 모현읍 능원리,128054750.12370114
1196,경기도 용인시 처인구 모현읍 동림리,108355815.13458608
1197,경기도 용인시 처인구 모현읍 매산리,62682727.27272727
1198,경기도 용인시 처인구 모현읍 오산리,214169260.70038912
1199,경기도 용인시 처인구 모현읍 왕산리,85188980.22661631
1200,경기도 용인시 처인구 모현읍 일산리,138656767.08633092
1201,경기도 용인시 처인구 모현읍 초부리,48562730.06134969
1202,경기도 용인시 처인구 백암면 근창리,44213113.18497248
1203,경기도 용인시 처인구 백암면 백봉리,39669047.61904762
1204,경기도 용인시 처인구 백암면 백암리,44305373.13432836
1205,경기도 용인시 처인구 삼가동,156427860.32418224
1206,경기도 용인시 처인구 양지면 남곡리,84064561.49488899
1207,경기도 용인시 처인구 양지면 송문리,62809210.52631578
1208,경기도 용인시 처인구 양지면 식금리,36472039.47368421
1209,경기도 용인시 처인구 양지면 양지리,61690842.77212517
1210,경기도 용인시 처인구 양지면 제일리,15958881.578947367
1211,경기도 용인시 처인구 양지면 주북리,56007916.66666666
1212,경기도 용인시 처인구 양지면 추계리,35528024.19354839
1213,경기도 용인시 처인구 역북동,128188475.83109748
1214,경기도 용인시 처인구 운학동,49854138.51351351
1215,경기도 용인시 처인구 원삼면 고당리,43075921.05263158
1216,경기도 용인시 처인구 원삼면 좌항리,45661776.64974619
1217,경기도 용인시 처인구 원삼면 죽능리,46268750.0
1218,경기도 용인시 처인구 유방동,65900717.72454736
1219,경기도 용인시 처인구 이동면 덕성리,43216666.66666666
1220,경기도 용인시 처인구 이동면 묘봉리,36500000.0
1221,경기도 용인시 처인구 이동면 송전리,116997607.41700728
1222,경기도 용인시 처인구 이동면 시미리,74483146.06741573
1223,경기도 용인시 처인구 이동면 어비리,61000000.0
1224,경기도 용인시 처인구 이동면 천리,96003136.43491895
1225,경기도 용인시 처인구 이동면 화산리,30718750.0
1226,경기도 용인시 처인구 이동읍 덕성리,49127777.77777778
1227,경기도 용인시 처인구 이동읍 묘봉리,37293750.0
1228,경기도 용인시 처인구 이동읍 송전리,104721395.52814189
1229,경기도 용인시 처인구 이동읍 시미리,84953846.15384616
1230,경기도 용인시 처인구 이동읍 어비리,65308333.33333334
1231,경기도 용인시 처인구 이동읍 천리,100075907.6877848
1232,경기도 용인시 처인구 이동읍 화산리,29371875.0
1233,경기도 용인시 처인구 포곡읍 금어리,56073295.45454545
1234,경기도 용인시 처인구 포곡읍 둔전리,97634290.90617567
1235,경기도 용인시 처인구 포곡읍 삼계리,75995960.58755091
1236,경기도 용인시 처인구 포곡읍 영문리,145847990.58348748
1237,경기도 용인시 처인구 포곡읍 전대리,60780859.95973778
1238,경기도 용인시 처인구 해곡동,127812500.0
1239,경기도 의왕시 고천동,129680291.88128528
1240,경기도 의왕시 내손동,297018500.82602966
1241,경기도 의왕시 삼동,121992687.5226278
1242,경기도 의왕시 오전동,195724132.58220884
1243,경기도 의왕시 왕곡동,200063879.8723439
1244,경기도 의왕시 월암동,67043042.07119741
1245,경기도 의왕시 이동,43761637.0292887
1246,경기도 의왕시 청계동,237698397.516873
1247,경기도 의왕시 초평동,162703180.21201414
1248,경기도 의왕시 포일동,281539162.2585804
1249,경기도 의왕시 학의동,336813436.9794558
1250,경기도 의정부시 가능동,114502056.46183756
1251,경기도 의정부시 금오동,137327430.02171952
1252,경기도 의정부시 낙양동,160132892.30706793
1253,경기도 의정부시 녹양동,129234333.48069896
1254,경기도 의정부시 민락동,149544191.70799533
1255,경기도 의정부시 신곡동,137972524.58878976
1256,경기도 의정부시 용현동,112661981.76478031
1257,경기도 의정부시 의정부동,86879997.12701468
1258,경기도 의정부시 장암동,133185792.99148546
1259,경기도 의정부시 호원동,157601440.32981974
1260,경기도 이천시 갈산동,123960771.55524184
1261,경기도 이천시 고담동,134488073.18726
1262,경기도 이천시 관고동,96291259.90089352
1263,경기도 이천시 단월동,27472063.25301205
1264,경기도 이천시 대월면 대대리,31137890.625
1265,경기도 이천시 대월면 대흥리,100342307.6923077
1266,경기도 이천시 대월면 사동리,72285899.11018637
1267,경기도 이천시 대월면 초지리,77637312.23713198
1268,경기도 이천시 대포동,21042045.454545453
1269,경기도 이천시 마장면 덕평리,41121438.645980254
1270,경기도 이천시 마장면 양촌리,35258245.614035085
1271,경기도 이천시 마장면 오천리,87059198.54280509
1272,경기도 이천시 마장면 이치리,71502923.97660819
1273,경기도 이천시 마장면 장암리,117333333.33333331
1274,경기도 이천시 마장면 표교리,32577083.33333333
1275,경기도 이천시 마장면 해월리,16723333.333333336
1276,경기도 이천시 모가면 서경리,37202604.16666666
1277,경기도 이천시 모가면 어농리,40238947.368421055
1278,경기도 이천시 모가면 진가리,34042897.72727273
1279,경기도 이천시 백사면 도지리,13056250.0
1280,경기도 이천시 백사면 모전리,79089412.20100129
1281,경기도 이천시 백사면 송말리,209232142.85714287
1282,경기도 이천시 백사면 조읍리,54297899.15966386
1283,경기도 이천시 백사면 현방리,36534606.48148149
1284,경기도 이천시 부발읍 가산리,71374285.71428572
1285,경기도 이천시 부발읍 가좌리,58033009.70873786
1286,경기도 이천시 부발읍 마암리,64314405.59440559
1287,경기도 이천시 부발읍 무촌리,52784370.52156165
1288,경기도 이천시 부발읍 신원리,40574065.67004805
1289,경기도 이천시 부발읍 신하리,94223794.29730745
1290,경기도 이천시 부발읍 아미리,151564132.8783621
1291,경기도 이천시 부발읍 응암리,53761209.01639345
1292,경기도 이천시 부발읍 죽당리,28944728.43450479
1293,경기도 이천시 사음동,70326122.62521589
1294,경기도 이천시 설성면 금당리,34696093.75
1295,경기도 이천시 송정동,121035111.87297004
1296,경기도 이천시 신둔면 고척리,87397500.0
1297,경기도 이천시 신둔면 남정리,49177399.75698663
1298,경기도 이천시 신둔면 도봉리,101181709.55882353
1299,경기도 이천시 신둔면 도암리,98804491.89985272
1300,경기도 이천시 신둔면 마교리,51902857.14285714
1301,경기도 이천시 신둔면 소정리,92594444.44444443
1302,경기도 이천시 신둔면 수광리,61247273.18846707
1303,경기도 이천시 신둔면 수남리,40332232.44147157
1304,경기도 이천시 신둔면 수하리,97809746.6640882
1305,경기도 이천시 안흥동,114257257.22116044
1306,경기도 이천시 율면 고당리,22647656.25
1307,경기도 이천시 장록동,45817429.57746479
1308,경기도 이천시 장호원읍 노탑리,46062280.042111605
1309,경기도 이천시 장호원읍 선읍리,17192500.0
1310,경기도 이천시 장호원읍 오남리,48566447.36842106
1311,경기도 이천시 장호원읍 이황리,33373958.33333333
1312,경기도 이천시 장호원읍 장호원리,49349857.44155104
1313,경기도 이천시 장호원읍 진암리,76771861.38115992
1314,경기도 이천시 중리동,82207548.24063565
1315,경기도 이천시 증일동,187122315.03579956
1316,경기도 이천시 증포동,140833346.14546898
1317,경기도 이천시 진리동,41733492.44232299
1318,경기도 이천시 창전동,64758119.34163997
1319,경기도 이천시 호법면 매곡리,37103915.66265061
1320,경기도 이천시 호법면 안평리,29479725.609756093
1321,경기도 이천시 호법면 유산리,98850861.5567439
1322,경기도 이천시 호법면 후안리,47648615.67339277
1323,경기도 파주시 검산동,102009233.33642349
1324,경기도 파주시 광탄면 분수리,38197395.833333336
1325,경기도 파주시 광탄면 신산리,62682226.91121572
1326,경기도 파주시 광탄면 영장리,75134920.63492064
1327,경기도 파주시 광탄면 용미리,127904761.90476193
1328,경기도 파주시 교하동,61581318.68131868
1329,경기도 파주시 교하읍 교하리,48466759.00277008
1330,경기도 파주시 교하읍 다율리,256922291.83508492
1331,경기도 파주시 교하읍 동패리,230270037.19986472
1332,경기도 파주시 교하읍 목동리,294239932.88590604
1333,경기도 파주시 교하읍 문발리,139440287.65970472
1334,경기도 파주시 교하읍 산남리,143458333.33333334
1335,경기도 파주시 교하읍 상지석리,74790213.72328459
1336,경기도 파주시 교하읍 야당리,229707804.6905037
1337,경기도 파주시 교하읍 와동리,205077594.40369463
1338,경기도 파주시 군내면 백연리,30907894.73684211
1339,경기도 파주시 금능동,99069710.35837016
1340,경기도 파주시 금릉동,97626347.04200572
1341,경기도 파주시 금촌동,120878970.84061688
1342,경기도 파주시 다율동,191243976.10921505
1343,경기도 파주시 당하동,177387894.7368421
1344,경기도 파주시 동패동,183509379.22220197
1345,경기도 파주시 맥금동,118534615.3846154
1346,경기도 파주시 목동동,208439998.53528145
1347,경기도 파주시 문발동,145062401.21580547
1348,경기도 파주시 문산읍 내포리,62571428.57142858
1349,경기도 파주시 문산읍 당동리,124468581.29820052
1350,경기도 파주시 문산읍 문산리,106363620.7121998
1351,경기도 파주시 문산읍 선유리,88286032.41197762
1352,경기도 파주시 문산읍 운천리,36355706.52173913
1353,경기도 파주시 문산읍 임진리,34000000.0
1354,경기도 파주시 법원읍 가야리,43753517.32413379
1355,경기도 파주시 법원읍 갈곡리,10000000.0
1356,경기도 파주시 법원읍 대능리,37449772.13541666
1357,경기도 파주시 법원읍 법원리,48091241.44672532
1358,경기도 파주시 산남동,188478260.8695652
1359,경기도 파주시 상지석동,117862777.21774194
1360,경기도 파주시 서패동,128220454.54545456
1361,경기도 파주시 송촌동,178800000.0
1362,경기도 파주시 신촌동,53476964.28571428
1363,경기도 파주시 아동동,126361930.320262
1364,경기도 파주시 야당동,212342702.65395305
1365,경기도 파주시 야동동,85306175.09539421
1366,경기도 파주시 와동동,208235918.7224709
1367,경기도 파주시 월롱면 덕은리,58004973.11827957
1368,경기도 파주시 월롱면 영태리,45491303.13976105
1369,경기도 파주시 적성면 구읍리,45844186.97562925
1370,경기도 파주시 적성면 마지리,39065170.940170944
1371,경기도 파주시 조리읍 뇌조리,37479027.777777776
1372,경기도 파주시 조리읍 능안리,35536160.52958213
1373,경기도 파주시 조리읍 대원리,159352333.92813691
1374,경기도 파주시 조리읍 등원리,58677934.50881612
1375,경기도 파주시 조리읍 봉일천리,95698534.21303225
1376,경기도 파주시 조리읍 오산리,38086759.92192583
1377,경기도 파주시 조리읍 장곡리,83627347.09777951
1378,경기도 파주시 탄현면 갈현리,107713750.0
1379,경기도 파주시 탄현면 금승리,49045263.15789474
1380,경기도 파주시 탄현면 대동리,295722656.25
1381,경기도 파주시 탄현면 법흥리,113022755.19848771
1382,경기도 파주시 탄현면 축현리,73741176.47058824
1383,경기도 파주시 파주읍 봉서리,123197850.25945143
1384,경기도 파주시 파주읍 봉암리,139903030.3030303
1385,경기도 파주시 파주읍 연풍리,60930546.67519181
1386,경기도 파주시 파주읍 파주리,48994398.05149617
1387,경기도 파주시 파평면 금파리,28975000.0
1388,경기도 파주시 파평면 덕천리,92913846.15384616
1389,경기도 파주시 하지석동,58275510.20408163
1390,경기도 평택시 가재동,119768137.89258502
1391,경기도 평택시 고덕면 궁리,92186733.18424222
1392,경기도 평택시 고덕면 당현리,133171715.1454363
1393,경기도 평택시 고덕면 동고리,31690320.51282051
1394,경기도 평택시 고덕면 두릉리,101938578.68020304
1395,경기도 평택시 고덕면 문곡리,231196000.0
1396,경기도 평택시 고덕면 방축리,43238020.833333336
1397,경기도 평택시 고덕면 여염리,315767804.87804884
1398,경기도 평택시 고덕면 율포리,105629629.62962964
1399,경기도 평택시 고덕면 좌교리,33525046.38218924
1400,경기도 평택시 고덕면 해창리,36886945.81280788
1401,경기도 평택시 군문동,90859486.19413608
1402,경기도 평택시 독곡동,97343823.00242679
1403,경기도 평택시 동삭동,155636190.5916586
1404,경기도 평택시 모곡동,30333521.126760565
1405,경기도 평택시 비전동,117977211.50201426
1406,경기도 평택시 서정동,79080992.5810913
1407,경기도 평택시 서탄면 금각리,46362500.0
1408,경기도 평택시 서탄면 금암리,33299069.76744186
1409,경기도 평택시 서탄면 내천리,35739062.5
1410,경기도 평택시 서탄면 마두리,14351414.47368421
1411,경기도 평택시 서탄면 수월암리,24930809.85915493
1412,경기도 평택시 서탄면 장등리,110965097.5889782
1413,경기도 평택시 서탄면 적봉리,106070351.75879396
1414,경기도 평택시 세교동,100233959.41706708
1415,경기도 평택시 소사동,200357019.47813305
1416,경기도 평택시 신대동,29241771.019678
1417,경기도 평택시 신장동,83127331.4715535
1418,경기도 평택시 안중읍 금곡리,50473296.63212435
1419,경기도 평택시 안중읍 성해리,38601562.5
1420,경기도 평택시 안중읍 송담리,134853125.93478912
1421,경기도 평택시 안중읍 안중리,46628352.70245342
1422,경기도 평택시 안중읍 용성리,58571428.57142858
1423,경기도 평택시 안중읍 학현리,43127560.473494604
1424,경기도 평택시 안중읍 현화리,110414280.15821184
1425,경기도 평택시 오성면 교포리,27958333.33333333
1426,경기도 평택시 오성면 길음리,173200000.0
1427,경기도 평택시 오성면 숙성리,67822236.58694246
1428,경기도 평택시 오성면 신리,17061250.0
1429,경기도 평택시 오성면 죽리,65006923.30647568
1430,경기도 평택시 용이동,181964455.66424742
1431,경기도 평택시 유천동,23757812.5
1432,경기도 평택시 이충동,115170238.30426812
1433,경기도 평택시 장당동,141913128.32763124
1434,경기도 평택시 장안동,186430637.9863731
1435,경기도 평택시 죽백동,194647902.3455401
1436,경기도 평택시 지산동,91641577.33166768
1437,경기도 평택시 지제동,68941666.66666667
1438,경기도 평택시 진위면 가곡리,44211551.89620759
1439,경기도 평택시 진위면 갈곶리,80901648.96939413
1440,경기도 평택시 진위면 견산리,47866716.97011002
1441,경기도 평택시 진위면 봉남리,40789306.029579066
1442,경기도 평택시 진위면 신리,32764666.66666667
1443,경기도 평택시 진위면 하북리,40708140.14752371
1444,경기도 평택시 청룡동,60292500.0
1445,경기도 평택시 청북면 삼계리,52500000.0
1446,경기도 평택시 청북면 어연리,69907514.45086706
1447,경기도 평택시 청북면 옥길리,133628666.46507408
1448,경기도 평택시 청북면 한산리,42127472.52747253
1449,경기도 평택시 청북면 현곡리,28872933.88429752
1450,경기도 평택시 청북읍 삼계리,53020000.0
1451,경기도 평택시 청북읍 어연리,79128800.0
1452,경기도 평택시 청북읍 옥길리,129695700.83802088
1453,경기도 평택시 청북읍 한산리,45734579.43925234
1454,경기도 평택시 청북읍 현곡리,38551833.74083129
1455,경기도 평택시 칠괴동,127594801.64158688
1456,경기도 평택시 칠원동,112768471.18590252
1457,경기도 평택시 통복동,92988029.0543372
1458,경기도 평택시 팽성읍 객사리,46998591.85286299
1459,경기도 평택시 팽성읍 근내리,153402675.27675277
1460,경기도 평택시 팽성읍 남산리,65038164.94109247
1461,경기도 평택시 팽성읍 노양리,164500000.0
1462,경기도 평택시 팽성읍 노와리,368418269.2307692
1463,경기도 평택시 팽성읍 대사리,194151923.07692307
1464,경기도 평택시 팽성읍 동창리,391551282.0512821
1465,경기도 평택시 팽성읍 두리,226243119.26605505
1466,경기도 평택시 팽성읍 두정리,68920720.72072072
1467,경기도 평택시 팽성읍 본정리,111475220.58823527
1468,경기도 평택시 팽성읍 석근리,223490909.0909091
1469,경기도 평택시 팽성읍 송화리,102701568.0479445
1470,경기도 평택시 팽성읍 신호리,279686520.37617546
1471,경기도 평택시 팽성읍 안정리,80373286.37225685
1472,경기도 평택시 팽성읍 원정리,180581658.29145733
1473,경기도 평택시 팽성읍 추팔리,55662962.96296296
1474,경기도 평택시 팽성읍 평궁리,40352147.239263795
1475,경기도 평택시 평택동,139645118.91857424
1476,경기도 평택시 포승면 내기리,83156589.14728682
1477,경기도 평택시 포승면 도곡리,84572245.32224533
1478,경기도 평택시 포승면 만호리,64733050.84745762
1479,경기도 평택시 포승면 방림리,92640625.0
1480,경기도 평택시 포승면 석정리,43917333.333333336
1481,경기도 평택시 포승면 원정리,18822580.64516129
1482,경기도 평택시 포승면 희곡리,40000000.0
1483,경기도 평택시 포승읍 내기리,95158728.68217054
1484,경기도 평택시 포승읍 도곡리,85850927.49629001
1485,경기도 평택시 포승읍 만호리,54252901.33028646
1486,경기도 평택시 포승읍 방림리,99911215.27777778
1487,경기도 평택시 포승읍 석정리,50448672.737841494
1488,경기도 평택시 포승읍 원정리,31929139.072847687
1489,경기도 평택시 포승읍 희곡리,51119166.66666666
1490,경기도 평택시 합정동,93661454.29678597
1491,경기도 평택시 현덕면 권관리,46982369.14600551
1492,경기도 평택시 현덕면 도대리,82642896.17486338
1493,경기도 평택시 현덕면 인광리,32344014.86988848
1494,경기도 평택시 현덕면 화양리,27755468.75
1495,경기도 포천시 가산면 감암리,22304913.67861886
1496,경기도 포천시 가산면 마산리,58198881.5600803
1497,경기도 포천시 가산면 방축리,35256566.8202765
1498,경기도 포천시 가산면 정교리,28426428.57142857
1499,경기도 포천시 관인면 초과리,13546354.166666664
1500,경기도 포천시 관인면 탄동리,14085307.125307124
1501,경기도 포천시 군내면 구읍리,134415061.72839507
1502,경기도 포천시 군내면 상성북리,192428571.42857143
1503,경기도 포천시 군내면 용정리,68520906.43274854
1504,경기도 포천시 군내면 직두리,35990178.57142857
1505,경기도 포천시 군내면 하성북리,33494217.289719626
1506,경기도 포천시 내촌면 내리,46183288.77005348
1507,경기도 포천시 내촌면 음현리,159925000.0
1508,경기도 포천시 동교동,35605592.10526316
1509,경기도 포천시 선단동,52811045.25862069
1510,경기도 포천시 설운동,28527717.39130435
1511,경기도 포천시 소흘읍 송우리,93664815.00781655
1512,경기도 포천시 소흘읍 이가팔리,41207173.12348668
1513,경기도 포천시 소흘읍 이곡리,90935197.36842103
1514,경기도 포천시 소흘읍 이동교리,77764592.76018101
1515,경기도 포천시 소흘읍 직동리,71581451.61290322
1516,경기도 포천시 소흘읍 초가팔리,57765508.14121396
1517,경기도 포천시 신북면 가채리,43755504.34201737
1518,경기도 포천시 신북면 계류리,28346759.259259254
1519,경기도 포천시 신북면 기지리,42989501.98843095
1520,경기도 포천시 신북면 만세교리,62500000.0
1521,경기도 포천시 신북면 신평리,33154166.66666667
1522,경기도 포천시 신읍동,68396342.93524887
1523,경기도 포천시 어룡동,34976163.57885224
1524,경기도 포천시 영북면 운천리,23404946.18766106
1525,경기도 포천시 영중면 성동리,13583333.333333336
1526,경기도 포천시 영중면 양문리,36435182.16421969
1527,경기도 포천시 영중면 영평리,41787500.0
1528,경기도 포천시 이동면 노곡리,39203125.0
1529,경기도 포천시 이동면 장암리,21689453.125
1530,경기도 포천시 일동면 기산리,51382834.38125179
1531,경기도 하남시 감북동,210704580.15267172
1532,경기도 하남시 감이동,540087826.0869565
1533,경기도 하남시 감일동,215174425.42787287
1534,경기도 하남시 광암동,204465346.53465343
1535,경기도 하남시 교산동,139828571.42857143
1536,경기도 하남시 덕풍동,248410277.81072107
1537,경기도 하남시 망월동,346707697.5094984
1538,경기도 하남시 미사동,157528823.52941176
1539,경기도 하남시 상사창동,260200000.0
1540,경기도 하남시 상산곡동,169699248.12030074
1541,경기도 하남시 선동,491899737.34263206
1542,경기도 하남시 신장동,250811415.60063177
1543,경기도 하남시 창우동,255002282.16012958
1544,경기도 하남시 천현동,148763148.47942755
1545,경기도 하남시 초이동,158830240.0
1546,경기도 하남시 춘궁동,183883333.3333333
1547,경기도 하남시 풍산동,492344242.07527727
1548,경기도 하남시 하산곡동,131265486.72566372
1549,경기도 하남시 학암동,655008620.9310466
1550,경기도 화성시 금곡동,77168750.0
1551,경기도 화성시 기산동,185874528.5629571
1552,경기도 화성시 기안동,127096144.26404937
1553,경기도 화성시 남양동,91024003.389941
1554,경기도 화성시 남양읍 남양리,131528745.93612546
1555,경기도 화성시 남양읍 무송리,90293078.32422586
1556,경기도 화성시 남양읍 북양리,114696666.66666669
1557,경기도 화성시 남양읍 송림리,46446543.77880184
1558,경기도 화성시 남양읍 신남리,130460860.68792209
1559,경기도 화성시 남양읍 안석리,47126666.66666666
1560,경기도 화성시 남양읍 온석리,30333333.33333333
1561,경기도 화성시 남양읍 활초리,73961651.91740413
1562,경기도 화성시 능동,195187487.9645156
1563,경기도 화성시 동탄면 금곡리,58841145.83333334
1564,경기도 화성시 동탄면 목리,74250737.46312684
1565,경기도 화성시 동탄면 방교리,53109523.80952381
1566,경기도 화성시 동탄면 송리,38713513.51351351
1567,경기도 화성시 동탄면 신리,61916666.66666666
1568,경기도 화성시 동탄면 오산리,162767001.87489352
1569,경기도 화성시 동탄면 중리,127643074.4270939
1570,경기도 화성시 동탄면 청계리,223082254.37928408
1571,경기도 화성시 마도면 금당리,84161111.11111109
1572,경기도 화성시 마도면 두곡리,76052116.57094236
1573,경기도 화성시 마도면 백곡리,28761538.46153846
1574,경기도 화성시 마도면 석교리,66153459.53002611
1575,경기도 화성시 마도면 슬항리,49330024.50980392
1576,경기도 화성시 마도면 쌍송리,96162500.0
1577,경기도 화성시 마도면 청원리,60845302.71398748
1578,경기도 화성시 매송면 야목리,51322648.22675613
1579,경기도 화성시 매송면 어천리,29910781.25
1580,경기도 화성시 매송면 원리,24336111.11111111
1581,경기도 화성시 매송면 원평리,40394852.76514245
1582,경기도 화성시 매송면 천천리,36523271.95089405
1583,경기도 화성시 목동,340418131.4712256
1584,경기도 화성시 무송동,78038518.51851852
1585,경기도 화성시 반송동,280525053.3574126
1586,경기도 화성시 반월동,213594233.527338
1587,경기도 화성시 반정동,49675737.70491803
1588,경기도 화성시 배양동,47578832.11678832
1589,경기도 화성시 병점동,144990772.27063158
1590,경기도 화성시 봉담읍 내리,36064583.333333336
1591,경기도 화성시 봉담읍 당하리,40031362.27544911
1592,경기도 화성시 봉담읍 동화리,130454984.4015106
1593,경기도 화성시 봉담읍 상기리,54456250.0
1594,경기도 화성시 봉담읍 상리,115817491.06344952
1595,경기도 화성시 봉담읍 수기리,73338450.07451566
1596,경기도 화성시 봉담읍 수영리,154922192.58468926
1597,경기도 화성시 봉담읍 와우리,144406456.94797716
1598,경기도 화성시 봉담읍 왕림리,42953717.42112483
1599,경기도 화성시 봉담읍 유리,101867669.39252336
1600,경기도 화성시 봉담읍 하가등리,98811607.14285716
1601,경기도 화성시 북양동,34725806.451612905
1602,경기도 화성시 비봉면 구포리,34571354.166666664
1603,경기도 화성시 비봉면 삼화리,64519503.33131436
1604,경기도 화성시 비봉면 양노리,98428543.9944134
1605,경기도 화성시 비봉면 자안리,25578977.272727273
1606,경기도 화성시 산척동,363851767.93938494
1607,경기도 화성시 새솔동,237136396.79066372
1608,경기도 화성시 서신면 궁평리,91485981.3084112
1609,경기도 화성시 서신면 매화리,40207153.96578538
1610,경기도 화성시 서신면 상안리,67598260.14913008
1611,경기도 화성시 서신면 송교리,96726548.67256635
1612,경기도 화성시 서신면 용두리,33101662.04986149
1613,경기도 화성시 서신면 장외리,82716666.66666667
1614,경기도 화성시 서신면 전곡리,34682812.5
1615,경기도 화성시 서신면 제부리,12029861.111111112
1616,경기도 화성시 석우동,295596683.13338035
1617,경기도 화성시 송동,378059920.45956695
1618,경기도 화성시 송림동,38211469.53405018
1619,경기도 화성시 송산동,89547831.31660612
1620,경기도 화성시 송산면 봉가리,46577634.40860215
1621,경기도 화성시 송산면 사강리,62076230.71632112
1622,경기도 화성시 송산면 삼존리,76689083.33333333
1623,경기도 화성시 송산면 육일리,122171906.35451505
1624,경기도 화성시 신남동,121673809.52380952
1625,경기도 화성시 안녕동,111444436.9051658
1626,경기도 화성시 양감면 대양리,46717304.49251248
1627,경기도 화성시 양감면 송산리,26008059.701492537
1628,경기도 화성시 양감면 신왕리,26514843.75
1629,경기도 화성시 영천동,249616042.342096
1630,경기도 화성시 오산동,352475741.2520936
1631,경기도 화성시 우정읍 매향리,31760093.457943924
1632,경기도 화성시 우정읍 멱우리,30543750.0
1633,경기도 화성시 우정읍 석천리,15266875.0
1634,경기도 화성시 우정읍 원안리,48064814.81481481
1635,경기도 화성시 우정읍 이화리,34377869.82248521
1636,경기도 화성시 우정읍 조암리,68766860.98654708
1637,경기도 화성시 우정읍 호곡리,58253591.160221
1638,경기도 화성시 우정읍 화산리,31721779.34375688
1639,경기도 화성시 우정읍 화수리,83666666.66666667
1640,경기도 화성시 장안면 독정리,47590845.07042254
1641,경기도 화성시 장안면 사곡리,57097723.92707507
1642,경기도 화성시 장안면 사랑리,86060000.0
1643,경기도 화성시 장안면 석포리,39243017.4563591
1644,경기도 화성시 장안면 수촌리,35467105.2631579
1645,경기도 화성시 장안면 어은리,39624946.87632809
1646,경기도 화성시 장안면 장안리,39736842.10526316
1647,경기도 화성시 장지동,373532635.0415512
1648,경기도 화성시 정남면 계향리,48700000.0
1649,경기도 화성시 정남면 고지리,46663888.88888889
1650,경기도 화성시 정남면 괘랑리,30455897.887323946
1651,경기도 화성시 정남면 덕절리,88140024.55494168
1652,경기도 화성시 정남면 망월리,41348214.28571428
1653,경기도 화성시 정남면 발산리,61775157.00483092
1654,경기도 화성시 정남면 보통리,35634875.44483986
1655,경기도 화성시 정남면 신리,32806849.31506849
1656,경기도 화성시 정남면 용수리,22772972.97297297
1657,경기도 화성시 진안동,103976789.50342144
1658,경기도 화성시 청계동,412960798.77645326
1659,경기도 화성시 태안읍 기산리,143969173.85943282
1660,경기도 화성시 태안읍 기안리,101345563.3619568
1661,경기도 화성시 태안읍 능리,118059523.8095238
1662,경기도 화성시 태안읍 반월리,165220470.4057896
1663,경기도 화성시 태안읍 반정리,24213114.75409836
1664,경기도 화성시 태안읍 배양리,21375000.0
1665,경기도 화성시 태안읍 송산리,39485792.34972677
1666,경기도 화성시 태안읍 안녕리,66298394.29081178
1667,경기도 화성시 태안읍 진안리,81592757.80635004
1668,경기도 화성시 팔탄면 가재리,52217727.23670656
1669,경기도 화성시 팔탄면 구장리,46571460.99876186
1670,경기도 화성시 팔탄면 노하리,84475555.55555555
1671,경기도 화성시 팔탄면 덕우리,39442666.66666666
1672,경기도 화성시 팔탄면 매곡리,26450324.675324675
1673,경기도 화성시 팔탄면 서근리,62268181.81818182
1674,경기도 화성시 팔탄면 율암리,39650000.0
1675,경기도 화성시 팔탄면 지월리,56080327.86885246
1676,경기도 화성시 팔탄면 하저리,24605519.48051948
1677,경기도 화성시 향남면 동오리,16666666.666666664
1678,경기도 화성시 향남면 발안리,91045831.25312032
1679,경기도 화성시 향남면 방축리,34878048.78048781
1680,경기도 화성시 향남면 상신리,20920491.80327869
1681,경기도 화성시 향남면 장짐리,76219757.17439294
1682,경기도 화성시 향남면 제암리,13312500.0
1683,경기도 화성시 향남면 평리,25861111.11111111
1684,경기도 화성시 향남읍 구문천리,44631980.74277854
1685,경기도 화성시 향남읍 도이리,132650000.0
1686,경기도 화성시 향남읍 동오리,25535714.28571429
1687,경기도 화성시 향남읍 발안리,110739635.11280476
1688,경기도 화성시 향남읍 상신리,91090850.1355972
1689,경기도 화성시 향남읍 장짐리,100855020.18163472
1690,경기도 화성시 향남읍 제암리,21692410.714285716
1691,경기도 화성시 향남읍 평리,77370577.93345009
1692,경기도 화성시 향남읍 하길리,164326376.1423388
1693,경기도 화성시 향남읍 행정리,143331255.02613592
1694,경기도 화성시 활초동,50651162.79069767
1695,인천광역시 강화군 강화읍 갑곳리,58085366.02162386
1696,인천광역시 강화군 강화읍 관청리,41288603.60734768
1697,인천광역시 강화군 강화읍 국화리,34464661.40696911
1698,인천광역시 강화군 강화읍 남산리,64557340.11627907
1699,인천광역시 강화군 강화읍 신문리,47193967.72398442
1700,인천광역시 강화군 강화읍 옥림리,45111936.93693694
1701,인천광역시 강화군 강화읍 용정리,48137728.29276713
1702,인천광역시 강화군 교동면 대룡리,28677631.57894737
1703,인천광역시 강화군 길상면 길직리,77980131.00436682
1704,인천광역시 강화군 길상면 선두리,131244680.85106383
1705,인천광역시 강화군 길상면 온수리,57578058.79809771
1706,인천광역시 강화군 길상면 장흥리,49963286.0040568
1707,인천광역시 강화군 길상면 초지리,15285625.0
1708,인천광역시 강화군 내가면 고천리,26585783.13253012
1709,인천광역시 강화군 내가면 외포리,40850000.0
1710,인천광역시 강화군 불은면 오두리,81481578.94736843
1711,인천광역시 강화군 삼산면 매음리,20162500.0
1712,인천광역시 강화군 선원면 냉정리,73542261.90476191
1713,인천광역시 강화군 선원면 창리,96134395.31110996
1714,인천광역시 강화군 양도면 삼흥리,75350000.0
1715,인천광역시 강화군 하점면 창후리,44531250.0
1716,인천광역시 강화군 화도면 내리,198852459.01639345
1717,인천광역시 강화군 화도면 상방리,16412375.0
1718,인천광역시 계양구 계산동,100997011.69520137
1719,인천광역시 계양구 귤현동,171450398.49425048
1720,인천광역시 계양구 다남동,138820351.75879398
1721,인천광역시 계양구 동양동,99556408.04845144
1722,인천광역시 계양구 박촌동,119350857.39820142
1723,인천광역시 계양구 방축동,83735358.19485356
1724,인천광역시 계양구 병방동,90036937.08678116
1725,인천광역시 계양구 상야동,103656746.03174604
1726,인천광역시 계양구 서운동,173882936.11793607
1727,인천광역시 계양구 오류동,135208191.51704398
1728,인천광역시 계양구 용종동,204639931.82457128
1729,인천광역시 계양구 이화동,193635517.3648407
1730,인천광역시 계양구 임학동,57246919.77077364
1731,인천광역시 계양구 작전동,99953059.04880898
1732,인천광역시 계양구 장기동,77574035.13824885
1733,인천광역시 계양구 효성동,96690325.93525906
1734,인천광역시 남구 관교동,165238265.60177368
1735,인천광역시 남구 도화동,66211277.38879573
1736,인천광역시 남구 문학동,58992524.85181171
1737,인천광역시 남구 숭의동,69173509.61594737
1738,인천광역시 남구 용현동,102065019.40259641
1739,인천광역시 남구 주안동,81523224.0573889
1740,인천광역시 남구 학익동,127288233.80068602
1741,인천광역시 남동구 간석동,110227152.25357585
1742,인천광역시 남동구 구월동,126316697.62060957
1743,인천광역시 남동구 남촌동,73089227.62023532
1744,인천광역시 남동구 논현동,170540080.72648898
1745,인천광역시 남동구 도림동,122735178.19500956
1746,인천광역시 남동구 만수동,95567914.12673634
1747,인천광역시 남동구 서창동,174434018.78342104
1748,인천광역시 남동구 수산동,129000000.0
1749,인천광역시 남동구 운연동,147100000.0
1750,인천광역시 남동구 장수동,75761877.14948413
1751,인천광역시 동구 금곡동,50646686.39053255
1752,인천광역시 동구 만석동,84092012.1086506
1753,인천광역시 동구 송림동,127824853.19696136
1754,인천광역시 동구 송현동,104731772.77629462
1755,인천광역시 동구 창영동,52182205.94571306
1756,인천광역시 동구 화수동,73650165.74888359
1757,인천광역시 동구 화평동,53868857.99404171
1758,인천광역시 미추홀구 관교동,193934815.15429267
1759,인천광역시 미추홀구 도화동,97335598.44846694
1760,인천광역시 미추홀구 문학동,70406808.84367052
1761,인천광역시 미추홀구 숭의동,89492679.05607434
1762,인천광역시 미추홀구 용현동,142207163.94065443
1763,인천광역시 미추홀구 주안동,101064699.49997991
1764,인천광역시 미추홀구 학익동,146307401.49944168
1765,인천광역시 부평구 갈산동,113669700.20516686
1766,인천광역시 부평구 구산동,208685396.38386652
1767,인천광역시 부평구 부개동,130645054.97910118
1768,인천광역시 부평구 부평동,100577449.20749016
1769,인천광역시 부평구 산곡동,150119288.93969706
1770,인천광역시 부평구 삼산동,159387106.2673644
1771,인천광역시 부평구 십정동,91199498.66174622
1772,인천광역시 부평구 일신동,115877963.7754528
1773,인천광역시 부평구 청천동,118372453.05075964
1774,인천광역시 서구 가정동,91535807.31609271
1775,인천광역시 서구 가좌동,93079141.35290164
1776,인천광역시 서구 검암동,146453111.63716984
1777,인천광역시 서구 경서동,249837378.3704776
1778,인천광역시 서구 공촌동,82758166.8194317
1779,인천광역시 서구 금곡동,131074574.95590828
1780,인천광역시 서구 당하동,158229716.00885564
1781,인천광역시 서구 대곡동,122447529.53813104
1782,인천광역시 서구 마전동,147143700.3925614
1783,인천광역시 서구 백석동,60853763.44086021
1784,인천광역시 서구 불노동,128121899.87500824
1785,인천광역시 서구 불로동,131329438.74208345
1786,인천광역시 서구 석남동,75765293.6793443
1787,인천광역시 서구 신현동,136862129.2877312
1788,인천광역시 서구 심곡동,97406504.05797604
1789,인천광역시 서구 연희동,151486612.44185424
1790,인천광역시 서구 오류동,158357259.25925925
1791,인천광역시 서구 왕길동,131326898.4400088
1792,인천광역시 서구 원당동,125398835.31701714
1793,인천광역시 서구 청라동,351637328.7248488
1794,인천광역시 연수구 동춘동,182789404.6339776
1795,인천광역시 연수구 선학동,110055411.055872
1796,인천광역시 연수구 송도동,394658192.04031765
1797,인천광역시 연수구 연수동,126438785.99036284
1798,인천광역시 연수구 옥련동,128509230.30308595
1799,인천광역시 연수구 청학동,97616736.6122456
1800,인천광역시 옹진군 덕적면 서포리,18027586.20689655
1801,인천광역시 옹진군 백령면 진촌리,37101388.88888889
1802,인천광역시 옹진군 북도면 신도리,26591666.66666667
1803,인천광역시 옹진군 북도면 장봉리,31506250.0
1804,인천광역시 옹진군 영흥면 내리,57724810.18858682
1805,인천광역시 옹진군 영흥면 선재리,59529501.91570881
1806,인천광역시 옹진군 영흥면 외리,45708906.79442509
1807,인천광역시 옹진군 자월면 자월리,35513593.75
1808,인천광역시 중구 경동,40833539.41267388
1809,인천광역시 중구 관동1가,63869901.31578948
1810,인천광역시 중구 관동2가,90250000.0
1811,인천광역시 중구 관동3가,43598000.0
1812,인천광역시 중구 남북동,29168421.05263158
1813,인천광역시 중구 내동,102856901.40845072
1814,인천광역시 중구 답동,86708355.46969332
1815,인천광역시 중구 덕교동,90852631.57894737
1816,인천광역시 중구 도원동,44174442.73635665
1817,인천광역시 중구 무의동,71368800.0
1818,인천광역시 중구 북성동1가,52323258.37742505
1819,인천광역시 중구 북성동2가,53878347.02754954
1820,인천광역시 중구 북성동3가,43880392.15686274
1821,인천광역시 중구 사동,42946875.0
1822,인천광역시 중구 선화동,47512075.69840793
1823,인천광역시 중구 송월동1가,50360541.44965278
1824,인천광역시 중구 송월동2가,113499931.36582018
1825,인천광역시 중구 송월동3가,44832958.19935691
1826,인천광역시 중구 송학동2가,63043985.8490566
1827,인천광역시 중구 송학동3가,30096726.19047619
1828,인천광역시 중구 신생동,123975664.69093987
1829,인천광역시 중구 신흥동1가,132418881.79094352
1830,인천광역시 중구 신흥동2가,64293758.60773757
1831,인천광역시 중구 신흥동3가,139629672.83950618
1832,인천광역시 중구 용동,44909642.85714286
1833,인천광역시 중구 운남동,189385539.66074672
1834,인천광역시 중구 운북동,53882606.52629478
1835,인천광역시 중구 운서동,144349792.4783179
1836,인천광역시 중구 유동,48150000.0
1837,인천광역시 중구 율목동,33100563.487049904
1838,인천광역시 중구 을왕동,65350926.38958438
1839,인천광역시 중구 인현동,78919813.51981352
1840,인천광역시 중구 전동,46195917.94446747
1841,인천광역시 중구 중산동,183455510.43635944
1842,인천광역시 중구 중앙동1가,43040625.0
1843,인천광역시 중구 중앙동3가,42796774.19354839
1844,인천광역시 중구 항동7가,112409087.67324421
1845,인천광역시 중구 해안동1가,15349206.349206347
