address,공시가격,좌표,초등학교,중학교,고등학교,유치원,학원,병원,약국,보건소,헬스장,체육관,수영장,영화관,카페,공원,놀이터,도서관,백화점,대형마트,복합쇼핑센터,시장,사회복지관,경로당,어린이집
서울특별시 강남구 개포동,1339497589,"37.478260,127.052024",5,2,4,4,178,92,27,0,3,2,0,0,78,8,9,2,0,0,0,0,2,24,4
서울특별시 강남구 논현동,1211834590,"37.513093,127.031353",2,1,0,3,174,449,82,0,8,0,0,13,330,6,3,2,0,0,0,0,0,10,3
서울특별시 강남구 대치동,1701007762,"37.501711,127.057851",4,4,3,4,1558,286,59,0,9,0,3,0,291,7,7,4,1,0,0,0,0,30,4
서울특별시 강남구 도곡동,1877546286,"37.486509,127.040738",2,4,3,3,164,127,33,0,4,0,0,1,131,9,2,2,0,0,0,0,0,19,3
서울특별시 강남구 삼성동,1414659119,"37.512792,127.053085",2,2,1,1,139,168,34,1,6,0,0,3,309,3,1,2,1,0,4,0,0,25,1
서울특별시 강남구 세곡동,1271705314,"37.466494,127.103021",2,0,0,4,40,17,4,0,0,0,0,0,19,5,7,1,0,0,0,0,0,10,4
서울특별시 강남구 수서동,1054632436,"37.485767,127.098137",2,2,2,4,28,40,15,0,2,1,0,0,46,4,7,1,0,0,0,0,3,9,3
서울특별시 강남구 신사동,1761464460,"37.522893,127.028589",1,1,0,1,461,660,74,0,5,0,4,5,349,1,4,1,0,0,1,0,0,6,1
서울특별시 강남구 압구정동,2987880196,"37.528752,127.031766",1,2,3,1,41,13,5,0,0,0,1,0,26,3,3,1,3,0,0,0,0,8,1
서울특별시 강남구 역삼동,819200531.3,"37.500335,127.037596",2,2,1,1,408,555,103,0,25,0,0,8,594,11,5,3,0,1,0,0,0,26,1
서울특별시 강남구 율현동,915230769.2,"37.471450,127.107251",0,0,0,0,3,5,1,0,0,0,0,0,7,1,1,1,0,0,0,0,0,4,0
서울특별시 강남구 일원동,1535207169,"37.491326,127.083799",4,1,3,3,98,47,28,0,1,0,1,0,35,3,4,3,0,0,0,0,1,20,3
서울특별시 강남구 자곡동,762612060.3,"37.476796,127.100387",2,1,1,2,37,10,5,0,0,0,1,0,18,7,2,2,0,0,0,0,0,11,2
서울특별시 강남구 청담동,1659374615,"37.523404,127.046858",2,1,1,3,128,243,26,0,6,0,0,0,152,1,3,2,1,0,0,0,0,16,2
서울특별시 강동구 강일동,703009947.6,"37.569204,127.171620",3,3,1,3,68,29,12,1,2,0,1,0,8,3,4,1,0,0,0,0,0,14,3
서울특별시 강동구 고덕동,1085453237,"37.561068,127.160582",4,3,3,3,101,46,14,0,1,0,0,0,39,7,5,1,0,0,0,0,0,13,3
서울특별시 강동구 길동,440208133.4,"37.539123,127.143163",3,1,0,5,96,108,35,0,2,0,0,0,72,0,4,1,0,0,0,0,0,13,4
서울특별시 강동구 둔촌동,730859005.2,"37.531157,127.142891",2,3,2,2,72,27,18,0,1,0,0,0,48,1,1,1,0,0,0,0,0,16,2
서울특별시 강동구 명일동,882567632.3,"37.549276,127.147555",3,0,1,5,332,135,40,0,2,0,1,0,91,2,8,0,0,2,0,0,0,13,5
서울특별시 강동구 상일동,1032433862,"37.548220,127.170630",4,2,5,6,60,25,10,0,1,0,2,0,57,3,6,0,0,0,0,0,0,9,6
서울특별시 강동구 성내동,508963826.9,"37.531338,127.129174",2,1,0,2,189,170,43,1,3,0,1,3,212,1,6,1,0,0,0,0,1,17,2
서울특별시 강동구 암사동,719537204.1,"37.552497,127.133010",3,2,1,3,196,84,23,0,1,0,0,0,99,4,6,1,0,1,0,1,0,24,3
서울특별시 강동구 천호동,459336750.9,"37.543676,127.131748",3,4,1,4,127,188,60,0,5,0,0,1,162,0,13,2,1,2,0,1,1,23,4
서울특별시 강북구 미아동,461559225.9,"37.621298,127.024902",7,6,6,7,257,231,74,0,8,0,0,4,143,7,15,5,1,5,2,0,1,47,7
서울특별시 강북구 번동,265630795.4,"37.635123,127.032072",3,2,0,3,66,74,28,1,1,0,0,1,40,2,7,1,0,0,0,2,3,30,3
서울특별시 강북구 수유동,293740725.3,"37.639388,127.017183",4,4,1,8,118,139,62,0,9,0,0,3,119,1,13,1,0,1,1,2,0,26,8
서울특별시 강북구 우이동,315574157.3,"37.658785,127.011190",0,0,0,0,6,6,5,0,0,0,0,0,22,1,0,0,0,0,0,0,0,3,0
서울특별시 강서구 가양동,601931687,"37.568238,126.845059",3,2,3,9,43,54,19,0,1,1,1,0,54,4,10,5,0,2,0,0,3,29,9
서울특별시 강서구 개화동,799416666.7,"37.582069,126.801198",0,0,0,0,0,0,0,0,0,0,0,0,4,0,0,0,0,0,0,0,0,3,0
서울특별시 강서구 공항동,332389928.1,"37.558805,126.813297",1,2,0,2,16,22,11,0,1,0,2,0,45,2,4,1,0,0,0,0,0,9,2
서울특별시 강서구 내발산동,635131189.9,"37.552616,126.835730",3,4,8,5,280,71,24,0,4,0,2,0,83,2,6,3,0,0,0,0,0,13,5
서울특별시 강서구 등촌동,491202779.7,"37.551325,126.858411",8,5,6,8,188,106,36,0,3,0,1,2,145,4,12,5,1,1,0,0,4,40,8
서울특별시 강서구 마곡동,663760569.3,"37.566092,126.830395",4,2,2,4,193,151,38,0,9,0,3,1,288,2,8,1,0,0,0,0,0,16,4
서울특별시 강서구 방화동,468884175.3,"37.569138,126.812192",5,3,2,9,109,83,28,0,2,0,0,1,111,4,21,5,0,0,1,1,3,47,8
서울특별시 강서구 염창동,697390622.2,"37.551366,126.871300",3,2,0,1,134,44,14,1,1,0,1,0,56,1,3,3,0,0,0,0,0,35,1
서울특별시 강서구 외발산동,148711538.5,"37.546721,126.821871",0,0,0,0,1,0,0,0,0,0,0,0,2,0,2,0,0,0,0,0,0,2,0
서울특별시 강서구 화곡동,332209719,"37.538358,126.847336",8,2,2,14,343,313,92,0,5,0,2,1,267,4,51,13,0,0,0,1,0,45,13
서울특별시 관악구 남현동,429780800,"37.474116,126.976721",1,0,0,2,28,28,8,0,0,0,0,0,31,1,4,1,0,1,0,0,0,4,2
서울특별시 관악구 봉천동,539627609.1,"37.482717,126.949951",10,7,9,17,423,354,107,2,7,0,2,1,362,6,28,21,1,1,2,1,3,52,17
서울특별시 관악구 신림동,443031953.8,"37.476412,126.925691",11,9,8,13,328,308,113,0,13,0,2,1,345,6,33,18,0,0,2,3,2,58,13
서울특별시 광진구 광장동,717833468.7,"37.546992,127.103926",3,3,1,5,104,28,8,0,3,0,1,0,73,0,2,4,0,0,0,0,1,20,5
서울특별시 광진구 구의동,468687751.8,"37.544655,127.089493",3,1,1,5,244,118,29,0,7,0,3,1,157,1,8,9,0,1,0,0,0,16,5
서울특별시 광진구 군자동,607603403.4,"37.553878,127.073516",2,0,0,2,26,37,9,0,4,0,0,1,62,1,1,2,0,0,0,0,0,4,2
서울특별시 광진구 능동,636689457.6,"37.553729,127.082381",1,0,1,2,14,16,4,0,0,0,2,0,32,1,0,1,0,0,0,0,0,1,2
서울특별시 광진구 자양동,538479276.9,"37.534692,127.074327",7,4,2,11,219,156,41,2,7,0,2,3,195,2,9,9,1,1,0,0,1,41,11
서울특별시 광진구 중곡동,374122981.3,"37.561882,127.084745",4,2,3,3,141,134,42,1,4,0,0,0,116,0,5,10,0,0,0,0,1,12,3
서울특별시 광진구 화양동,522097368.4,"37.544427,127.070047",2,2,1,1,26,57,17,0,3,0,0,1,145,0,5,2,0,0,1,0,0,2,1
서울특별시 구로구 가리봉동,343083333.3,"37.482944,126.888062",1,0,0,0,6,10,6,0,0,0,0,0,15,0,0,0,0,0,0,0,0,4,0
서울특별시 구로구 개봉동,408289761.3,"37.494970,126.851409",4,3,0,6,149,97,31,0,1,0,2,1,90,4,4,3,0,0,0,0,0,30,6
서울특별시 구로구 고척동,447527654.4,"37.503560,126.855829",5,2,2,2,117,64,24,0,1,0,0,0,62,3,4,1,0,0,1,1,0,29,2
서울특별시 구로구 구로동,393051974.8,"37.492900,126.886427",7,4,3,10,209,230,86,2,9,0,1,2,291,2,8,5,1,3,0,0,2,62,10
서울특별시 구로구 궁동,277823222,"37.496870,126.831303",0,0,0,0,23,7,3,0,0,0,0,0,14,0,2,1,0,0,0,0,1,2,0
서울특별시 구로구 신도림동,884409375,"37.509454,126.880425",2,1,1,3,109,58,13,0,0,0,0,1,62,1,2,2,1,1,0,0,0,21,3
서울특별시 구로구 오류동,328072997.3,"37.494129,126.840746",3,1,1,6,64,55,17,1,4,0,0,0,57,2,0,1,0,0,1,0,0,23,6
서울특별시 구로구 온수동,374528365.4,"37.493507,126.820255",1,0,0,1,13,7,2,0,0,0,0,0,14,2,1,0,0,0,0,0,0,7,1
서울특별시 구로구 천왕동,594796141.7,"37.482016,126.841789",2,1,0,2,46,14,3,0,1,0,0,0,9,6,3,0,0,0,0,0,0,8,2
서울특별시 구로구 항동,524862365.6,"37.484059,126.822980",1,1,1,1,24,7,3,0,0,0,0,0,10,1,0,0,0,0,0,0,0,8,1
서울특별시 금천구 가산동,300309134.4,"37.477598,126.888291",0,0,0,1,37,75,23,0,2,0,0,1,240,0,3,3,0,0,5,0,1,10,0
서울특별시 금천구 독산동,394443366.2,"37.469371,126.901246",9,5,1,8,142,121,49,0,6,0,1,1,121,7,19,12,0,3,2,0,0,39,8
서울특별시 금천구 시흥동,356393288.9,"37.453325,126.906222",9,4,5,8,191,145,58,1,1,0,0,0,121,5,19,13,0,1,0,0,1,40,8
서울특별시 노원구 공릉동,439837760,"37.623601,127.077388",7,3,2,12,159,99,41,1,5,0,0,0,149,0,0,4,0,0,0,0,1,42,11
서울특별시 노원구 상계동,434750056.7,"37.667100,127.072189",17,9,6,21,491,384,101,2,5,0,1,4,233,0,0,11,1,0,1,0,2,83,21
서울특별시 노원구 월계동,492625378.3,"37.622192,127.058650",6,5,5,10,90,73,27,1,3,0,1,0,77,0,0,6,0,0,1,0,2,43,10
서울특별시 노원구 중계동,547037453.8,"37.646989,127.082411",9,6,9,9,609,139,44,0,4,0,2,2,126,0,0,7,1,2,0,0,3,55,9
서울특별시 노원구 하계동,534586180.4,"37.636890,127.073145",3,3,3,5,88,25,17,0,1,0,2,0,27,0,0,2,0,0,0,0,1,16,5
서울특별시 도봉구 도봉동,348956756,"37.678103,127.043249",3,2,2,3,42,37,16,0,1,0,0,0,60,11,7,5,0,0,0,0,1,25,3
서울특별시 도봉구 방학동,363545987.7,"37.666224,127.036650",5,3,1,6,138,93,29,0,4,1,1,0,86,8,10,6,0,1,0,0,1,33,6
서울특별시 도봉구 쌍문동,327009179.3,"37.652731,127.028710",6,5,4,7,186,79,32,1,4,0,0,0,95,7,4,6,0,0,0,0,0,38,7
서울특별시 도봉구 창동,437493529.2,"37.643440,127.039413",9,3,3,10,246,142,45,1,4,0,2,2,135,6,18,9,0,1,0,1,1,40,10
서울특별시 동대문구 답십리동,677917967.8,"37.569883,127.056757",3,1,0,4,97,92,27,0,0,1,0,0,44,3,4,0,0,0,0,0,0,32,4
서울특별시 동대문구 신설동,310885245.9,"37.575204,127.026023",0,0,0,0,15,13,5,0,0,0,0,0,24,0,1,1,0,0,0,0,0,0,0
서울특별시 동대문구 용두동,511992086.3,"37.576328,127.034621",1,0,0,1,23,44,22,1,1,0,0,0,38,2,3,0,0,1,0,0,0,8,1
서울특별시 동대문구 이문동,575937110.8,"37.598851,127.062465",1,1,1,3,67,51,22,0,3,0,0,0,58,0,1,0,0,0,1,0,0,20,3
서울특별시 동대문구 장안동,475294033.3,"37.570749,127.068233",4,2,1,6,202,129,49,0,4,1,2,2,117,3,11,0,0,1,0,0,1,23,6
서울특별시 동대문구 전농동,761939267.6,"37.579797,127.053848",4,3,2,4,101,66,28,0,2,0,1,1,76,2,3,0,1,1,0,0,0,15,4
서울특별시 동대문구 제기동,549307189.4,"37.584134,127.037960",2,2,1,2,35,91,76,0,4,0,1,0,36,1,1,0,0,0,0,0,1,6,2
서울특별시 동대문구 청량리동,706328491.4,"37.586643,127.044621",1,1,1,1,25,53,20,0,0,0,0,0,21,2,0,0,0,0,0,0,0,14,1
서울특별시 동대문구 회기동,601126373.6,"37.591447,127.051971",3,1,1,2,14,9,17,0,0,0,0,0,40,1,0,0,0,0,0,0,0,1,2
서울특별시 동대문구 휘경동,533888096.7,"37.589592,127.061228",2,3,3,3,52,32,19,0,1,0,0,0,42,1,5,0,0,0,0,0,0,18,3
서울특별시 동작구 노량진동,851197220.9,"37.510162,126.940418",1,0,0,4,183,37,24,0,1,0,0,0,92,2,0,2,0,0,0,0,0,11,4
서울특별시 동작구 대방동,688297627.1,"37.504791,126.927862",3,4,4,1,158,61,17,0,2,0,1,0,29,0,2,1,0,0,1,1,2,16,1
서울특별시 동작구 동작동,948855555.6,"37.496605,126.980985",0,0,0,0,5,0,0,0,1,0,0,0,9,1,1,0,0,0,0,0,0,4,0
서울특별시 동작구 본동,912142150.5,"37.511491,126.954336",2,0,0,2,17,6,4,0,0,0,0,0,8,2,1,0,0,0,0,0,1,11,2
서울특별시 동작구 사당동,754007840.8,"37.483974,126.974999",6,3,1,6,205,195,45,0,3,0,1,2,140,4,12,3,0,0,2,0,2,32,6
서울특별시 동작구 상도1동,487733027.5,"37.502889,126.950645",1,0,0,2,25,22,7,0,1,0,0,0,25,0,2,1,0,0,0,0,1,3,2
서울특별시 동작구 상도동,683865787.5,"37.499206,126.940385",3,4,0,5,190,154,51,1,3,0,0,0,128,7,9,2,0,0,0,0,0,34,6
서울특별시 동작구 신대방동,654430583.5,"37.492678,126.917721",2,2,1,3,89,64,25,0,0,0,0,0,75,1,3,1,0,0,0,0,0,15,3
서울특별시 동작구 흑석동,1267683931,"37.505964,126.962578",3,2,0,5,59,48,24,0,2,0,0,0,46,5,1,0,0,0,0,0,0,11,5
서울특별시 마포구 공덕동,766454226.3,"37.548828,126.959006",1,0,0,1,45,59,17,0,1,0,0,0,45,2,2,1,0,0,0,2,0,15,1
서울특별시 마포구 구수동,328831818.2,"37.545679,126.932695",0,0,0,0,14,8,1,0,0,0,0,0,3,0,0,0,0,0,0,0,0,0,0
서울특별시 마포구 노고산동,1007417071,"37.554402,126.938556",1,1,0,1,41,61,11,0,1,0,0,0,32,2,0,1,0,0,0,0,0,1,1
서울특별시 마포구 당인동,343428571.4,"37.546250,126.920245",0,0,0,0,2,0,0,0,0,0,0,0,3,1,0,0,0,0,0,0,0,1,0
서울특별시 마포구 대흥동,870012288.1,"37.551055,126.943731",1,1,1,2,95,42,14,0,1,0,0,0,33,3,1,0,0,0,0,0,0,8,2
서울특별시 마포구 도화동,776887800.4,"37.539966,126.950000",1,0,0,3,61,87,22,0,1,0,1,0,69,0,3,2,0,0,0,0,0,12,3
서울특별시 마포구 동교동,512971831,"37.557650,126.925663",0,0,0,0,54,76,13,0,2,0,0,4,113,0,2,0,0,0,2,0,0,2,0
서울특별시 마포구 마포동,625087837.8,"37.537003,126.945323",0,0,0,0,1,1,1,0,0,0,0,0,7,0,1,0,0,0,0,0,0,2,0
서울특별시 마포구 망원동,415717345.1,"37.556620,126.903976",2,0,0,1,82,66,21,0,5,0,0,0,106,0,5,2,0,0,0,1,0,10,1
서울특별시 마포구 상수동,775015217.4,"37.547431,126.922946",1,0,0,0,13,7,4,0,0,0,0,0,75,2,1,0,0,0,0,0,0,4,0
서울특별시 마포구 상암동,747091743.1,"37.577131,126.893488",3,1,1,5,103,59,16,0,2,0,0,0,107,9,8,1,0,0,0,0,0,20,5
서울특별시 마포구 서교동,972201935.5,"37.553910,126.918985",1,0,0,1,144,65,17,0,2,0,0,1,317,1,3,1,0,1,0,2,0,3,1
서울특별시 마포구 성산동,494910599.2,"37.563317,126.910870",4,3,1,4,105,29,12,1,1,0,1,1,88,2,8,4,0,1,0,1,1,15,4
서울특별시 마포구 신공덕동,934689632.1,"37.544374,126.956854",0,0,0,1,19,16,7,0,0,0,0,0,12,1,0,1,0,1,0,0,1,10,0
서울특별시 마포구 신수동,880025358.9,"37.547351,126.937074",1,2,1,1,34,13,5,0,1,0,0,0,44,1,1,0,0,0,0,1,0,11,1
서울특별시 마포구 신정동,1040500000,"37.544210,126.930866",0,0,0,0,0,0,0,0,1,0,0,0,1,1,0,0,0,0,0,0,0,1,0
서울특별시 마포구 아현동,1059267187,"37.555483,126.955998",2,1,2,1,62,54,16,1,1,0,2,0,29,3,3,2,0,0,0,0,0,13,1
서울특별시 마포구 연남동,767355825.2,"37.562962,126.921783",0,0,0,2,18,11,2,0,0,0,0,0,162,0,2,0,0,0,0,1,0,5,0
서울특별시 마포구 염리동,1224230172,"37.551546,126.947279",2,2,2,2,73,22,6,0,1,0,0,0,28,0,0,0,0,0,0,0,0,10,2
서울특별시 마포구 용강동,835240740.7,"37.541967,126.940414",0,0,0,0,18,5,2,0,0,0,1,0,18,2,1,1,0,0,0,0,0,4,0
서울특별시 마포구 중동,630105288.5,"37.570400,126.907656",1,1,0,0,29,14,5,0,0,0,0,0,6,0,4,0,0,0,0,0,0,9,0
서울특별시 마포구 창전동,951364280.3,"37.550966,126.929835",0,0,0,0,67,13,3,0,2,0,0,0,19,2,2,1,0,0,0,0,0,8,0
서울특별시 마포구 토정동,956379310.3,"37.540350,126.940474",0,0,0,0,1,0,1,0,0,0,0,0,0,0,0,0,0,0,0,0,0,1,0
서울특별시 마포구 하중동,1901541667,"37.545750,126.928674",0,0,0,0,1,0,0,0,0,0,0,0,0,0,0,0,0,0,0,0,0,1,0
서울특별시 마포구 합정동,414969572.4,"37.549046,126.911558",1,1,0,1,33,33,10,0,1,0,0,0,112,2,1,0,0,0,0,1,0,4,1
서울특별시 마포구 현석동,1150094444,"37.543840,126.933903",0,0,0,0,12,0,0,0,0,0,0,0,3,1,1,0,0,0,0,0,0,5,0
서울특별시 서대문구 남가좌동,766735937.5,"37.577538,126.922311",2,1,0,4,84,67,23,0,1,0,1,0,66,2,8,2,0,0,0,2,1,13,4
서울특별시 서대문구 냉천동,962195652.2,"37.567257,126.963890",0,0,0,0,16,6,1,0,0,0,0,0,9,0,0,0,0,0,0,0,0,3,0
서울특별시 서대문구 대신동,357500000,"37.566438,126.945199",1,1,1,0,4,1,4,0,0,0,0,2,18,0,0,0,0,0,0,0,0,0,0
서울특별시 서대문구 대현동,401219144.4,"37.558086,126.944504",1,0,0,2,20,13,6,0,0,0,0,1,102,1,0,0,0,0,0,0,0,2,2
서울특별시 서대문구 미근동,822500000,"37.563162,126.967026",0,0,0,0,0,2,2,0,0,0,0,0,16,0,0,0,0,0,0,0,0,1,0
서울특별시 서대문구 봉원동,505000000,"37.569952,126.947063",0,0,0,0,0,0,0,0,0,0,0,0,0,0,0,0,0,0,0,0,0,0,0
서울특별시 서대문구 북가좌동,544091778.5,"37.580344,126.912261",1,1,1,3,136,56,19,1,1,0,1,0,58,1,6,3,0,0,0,1,0,23,3
서울특별시 서대문구 북아현동,1116816521,"37.561666,126.956170",2,2,2,1,43,22,10,0,0,0,0,0,27,2,4,1,0,0,0,0,1,11,1
서울특별시 서대문구 신촌동,723800000,"37.568134,126.946792",0,0,0,0,0,1,1,0,0,0,0,3,28,0,0,0,0,0,0,0,0,1,0
서울특별시 서대문구 연희동,459913753.8,"37.570389,126.929628",1,3,0,1,68,36,14,1,2,0,0,1,132,1,8,2,0,0,0,1,0,11,1
서울특별시 서대문구 영천동,906392156.9,"37.570759,126.960460",0,0,0,0,9,11,3,0,0,0,0,0,0,0,1,0,0,0,0,0,0,1,0
서울특별시 서대문구 옥천동,461100000,"37.569686,126.960890",0,0,0,0,2,6,1,0,0,0,0,0,2,0,0,1,0,0,0,0,0,0,0
서울특별시 서대문구 창천동,641737058.8,"37.558584,126.934113",1,0,0,1,53,46,18,0,4,0,0,7,108,2,1,0,1,0,0,0,0,1,1
서울특별시 서대문구 천연동,625561224.5,"37.568285,126.960571",1,1,0,1,9,0,0,0,0,0,0,0,1,0,0,0,0,0,0,0,0,2,1
서울특별시 서대문구 충정로2가,346833333.3,"37.565192,126.964529",1,1,1,0,4,13,3,0,1,0,0,0,10,0,0,0,0,0,0,0,0,0,0
서울특별시 서대문구 충정로3가,779227191,"37.562611,126.961351",0,0,0,0,1,8,1,0,0,0,0,0,29,0,0,1,0,0,0,0,0,1,0
서울특별시 서대문구 합동,621854166.7,"37.561567,126.966566",0,0,0,0,1,0,0,0,0,0,0,0,5,1,0,0,0,0,0,0,0,0,0
서울특별시 서대문구 현저동,779542857.1,"37.576486,126.954220",0,0,0,0,15,0,0,0,0,0,0,0,2,1,0,1,0,0,0,0,0,7,0
서울특별시 서대문구 홍은동,419292021,"37.591560,126.938775",3,3,1,3,117,30,15,0,1,0,0,0,61,3,6,3,0,0,0,0,1,21,3
서울특별시 서대문구 홍제동,536772409.2,"37.588734,126.946107",4,1,0,6,142,101,31,0,3,0,1,0,57,6,4,3,0,0,0,1,0,28,5
서울특별시 서초구 내곡동,1359068523,"37.456881,127.074171",1,0,0,1,19,13,4,0,0,0,0,0,14,0,4,0,0,0,0,0,0,10,1
서울특별시 서초구 반포동,2130358888,"37.502816,127.010493",5,5,3,3,458,168,38,0,7,0,3,1,197,3,10,1,1,0,0,0,0,21,3
서울특별시 서초구 방배동,1227765275,"37.484677,126.989955",5,3,4,4,387,216,38,1,10,0,1,0,281,4,13,1,0,2,0,0,1,31,4
서울특별시 서초구 서초동,1022659080,"37.488514,127.016222",6,3,3,6,532,591,94,2,16,0,2,1,436,1,14,2,0,1,0,0,0,33,6
서울특별시 서초구 신원동,1326024272,"37.447112,127.058841",0,0,0,1,10,6,1,0,2,0,1,0,19,0,4,1,0,0,0,0,0,7,0
서울특별시 서초구 양재동,640508812,"37.474839,127.041717",2,1,1,3,101,86,23,0,5,0,1,0,201,10,15,1,0,2,0,0,1,7,3
서울특별시 서초구 염곡동,726606896.6,"37.462035,127.052837",0,0,0,0,1,0,0,0,0,0,0,0,5,2,2,0,0,0,0,0,0,4,0
서울특별시 서초구 우면동,902536939.3,"37.466629,127.021892",3,1,0,5,69,27,6,0,1,0,0,0,53,7,8,0,0,0,0,0,2,22,5
서울특별시 서초구 원지동,288257142.9,"37.446848,127.053774",0,0,0,0,0,0,0,0,0,0,0,0,14,1,1,0,0,0,0,0,0,2,0
서울특별시 서초구 잠원동,788659022.6,"37.513667,127.016166",2,2,0,2,288,160,22,0,1,0,2,1,78,4,10,1,1,1,0,0,1,41,2
서울특별시 성동구 금호동1가,543468401.9,"37.554697,127.023412",1,0,1,1,43,16,6,0,2,0,1,0,16,1,0,2,0,0,0,0,0,7,1
서울특별시 성동구 금호동2가,709223528.4,"37.552482,127.020133",1,0,0,1,19,11,4,0,0,0,0,0,11,1,1,1,0,0,0,0,0,7,1
서울특별시 성동구 금호동3가,535806073.4,"37.549504,127.021812",0,0,0,1,14,21,10,0,1,0,0,0,13,3,0,0,0,0,0,1,0,19,0
서울특별시 성동구 금호동4가,695213849.3,"37.547468,127.020060",2,0,0,2,26,27,8,0,2,0,0,0,15,0,1,2,0,0,0,0,0,0,2
서울특별시 성동구 도선동,454532869.6,"37.563897,127.033258",0,0,0,0,10,29,5,0,2,0,0,0,11,0,0,0,0,0,0,0,0,2,0
서울특별시 성동구 마장동,477029588,"37.567305,127.039084",2,2,0,4,25,21,8,0,1,0,0,0,16,0,4,1,0,0,0,1,1,15,4
서울특별시 성동구 사근동,353083374.7,"37.561371,127.046789",2,1,1,2,2,0,1,0,1,0,0,0,17,0,1,1,0,0,0,0,0,5,2
서울특별시 성동구 상왕십리동,748725013.3,"37.569332,127.025349",0,0,0,0,14,6,1,0,0,0,0,0,3,2,1,1,0,0,0,0,0,4,0
서울특별시 성동구 성수동1가,943594249.4,"37.544661,127.046772",2,2,2,3,57,43,11,1,4,0,0,3,160,2,2,3,0,0,0,0,1,20,3
서울특별시 성동구 성수동2가,772234505.7,"37.541123,127.056125",2,2,1,2,33,68,24,0,1,0,0,0,194,5,7,2,1,0,0,1,0,18,2
서울특별시 성동구 송정동,433486720.5,"37.552124,127.067652",1,0,0,1,7,4,5,0,1,0,0,0,10,1,2,1,0,0,0,0,0,5,1
서울특별시 성동구 옥수동,757817271.3,"37.542764,127.014662",2,1,1,4,58,36,11,0,0,0,0,0,20,3,0,1,0,0,0,0,1,18,4
서울특별시 성동구 용답동,383380818.7,"37.564354,127.052795",1,0,0,1,11,22,8,0,2,0,0,0,26,1,0,2,0,0,0,1,0,4,1
서울특별시 성동구 응봉동,537821350.3,"37.551169,127.031462",1,1,0,1,23,7,2,0,0,0,0,0,5,0,3,1,0,0,0,0,0,9,1
서울특별시 성동구 하왕십리동,614615663.2,"37.562462,127.029586",2,0,1,2,64,48,16,0,1,0,0,0,37,3,4,1,0,0,0,0,0,23,2
서울특별시 성동구 행당동,631019019.1,"37.559076,127.035869",2,2,2,2,133,87,29,0,2,0,1,1,108,2,3,3,0,1,1,0,0,19,2
서울특별시 성동구 홍익동,426054143.1,"37.566144,127.032921",0,0,0,1,4,4,3,1,0,0,0,0,7,0,1,0,0,0,0,0,0,2,0
서울특별시 성북구 길음동,795713779.1,"37.607316,127.024760",3,1,1,7,145,61,23,0,4,0,2,0,51,7,4,2,1,2,0,1,1,26,7
서울특별시 성북구 돈암동,655103896.1,"37.598415,127.020288",4,3,1,9,97,22,8,0,0,0,0,1,17,2,2,3,0,0,0,1,0,19,9
서울특별시 성북구 동선동1가,703937500,"37.592065,127.018260",0,0,0,0,8,14,5,0,1,0,0,5,21,0,0,0,0,0,1,0,0,1,0
서울특별시 성북구 동선동2가,67291104.65,"37.590091,127.020053",0,0,0,0,0,0,0,0,0,0,0,0,21,0,0,0,0,0,0,0,0,0,0
서울특별시 성북구 동선동3가,98594204.79,"37.594108,127.020597",0,0,0,0,1,0,1,0,0,0,0,0,8,0,0,0,0,0,0,0,0,1,0
서울특별시 성북구 동선동4가,374441071.4,"37.595087,127.018541",0,0,0,0,8,18,4,0,0,0,1,0,11,0,0,0,0,0,0,0,0,0,0
서울특별시 성북구 동선동5가,330115384.6,"37.596185,127.016726",0,0,0,0,17,0,0,0,0,0,0,0,4,0,0,0,0,0,0,0,0,0,0
서울특별시 성북구 동소문동1가,294875000,"37.589858,127.007460",0,0,0,1,8,10,3,0,0,0,0,0,7,0,0,0,0,0,0,0,0,3,0
서울특별시 성북구 동소문동2가,734350000,"37.588696,127.008412",0,0,0,0,6,13,5,0,1,0,0,0,6,0,0,0,0,0,0,0,0,5,0
서울특별시 성북구 동소문동3가,430000000,"37.590052,127.010816",0,0,0,0,16,6,3,0,0,0,0,0,2,0,0,0,0,0,0,0,0,3,0
서울특별시 성북구 동소문동4가,327668224.3,"37.591541,127.010756",0,0,0,0,27,6,2,0,0,0,0,0,5,0,0,0,0,0,0,0,0,0,0
서울특별시 성북구 동소문동5가,645049473.7,"37.591666,127.015590",0,0,0,0,15,9,3,0,1,0,0,0,2,0,0,0,0,0,0,1,0,0,0
서울특별시 성북구 동소문동6가,456176470.6,"37.593770,127.014858",1,0,0,1,29,26,5,1,1,0,0,0,8,0,0,0,0,0,0,0,0,0,1
서울특별시 성북구 동소문동7가,633049180.3,"37.596303,127.014721",1,0,0,1,27,2,2,0,0,0,0,0,3,0,0,0,0,0,0,0,0,0,1
서울특별시 성북구 보문동1가,87687117.9,"37.586226,127.019779",0,0,0,0,1,0,0,0,0,0,0,0,2,0,0,0,0,0,0,0,0,2,0
서울특별시 성북구 보문동2가,99638203.38,"37.585602,127.018306",0,0,0,1,7,4,1,0,0,0,0,0,2,0,0,0,0,0,0,0,0,1,0
서울특별시 성북구 보문동3가,802766666.7,"37.584277,127.017551",0,0,0,2,0,0,0,0,0,0,0,0,0,0,1,0,0,0,0,0,0,0,0
서울특별시 성북구 보문동4가,720857142.9,"37.582645,127.021437",0,0,0,1,1,3,1,0,0,0,0,0,5,0,0,0,0,0,0,1,0,0,0
서울특별시 성북구 보문동5가,371875000,"37.582359,127.019936",0,0,0,0,3,6,3,0,0,0,0,0,7,0,0,0,0,0,0,0,0,0,0
서울특별시 성북구 보문동6가,785081325.3,"37.580444,127.019694",0,0,0,0,5,0,0,0,0,0,0,0,5,1,1,0,0,0,0,0,0,4,0
서울특별시 성북구 보문동7가,547500000,"37.580033,127.021820",1,0,0,0,3,1,1,0,0,0,0,0,1,0,1,0,0,0,0,0,0,1,0
서울특별시 성북구 삼선동1가,359455319.2,"37.585059,127.007942",0,0,0,0,0,3,2,0,1,0,0,0,5,0,0,0,0,0,0,0,0,0,0
서울특별시 성북구 삼선동2가,733686363.6,"37.585259,127.010538",0,0,0,0,10,0,0,0,0,0,0,0,5,0,1,0,0,0,0,0,0,0,0
서울특별시 성북구 삼선동3가,626086031.8,"37.586298,127.012802",1,0,1,1,15,0,0,0,0,0,0,0,5,3,0,0,0,0,0,0,0,0,1
서울특별시 성북구 삼선동4가,453917808.2,"37.589818,127.013135",0,0,0,0,4,4,3,0,0,0,0,0,9,0,0,0,0,0,0,0,0,0,0
서울특별시 성북구 삼선동5가,558440000,"37.588250,127.015789",0,0,0,0,2,7,1,0,0,0,0,0,12,0,0,1,0,0,0,0,0,0,0
서울특별시 성북구 상월곡동,537241233.8,"37.606723,127.048393",0,0,0,1,14,6,1,0,0,0,0,0,12,0,2,1,0,0,0,0,0,4,0
서울특별시 성북구 석관동,433339361.2,"37.608823,127.060712",2,1,1,3,49,40,17,0,2,0,0,0,36,1,3,1,0,0,0,2,1,8,3
서울특별시 성북구 성북동,718887208.7,"37.594567,126.997514",1,2,2,2,10,0,0,0,0,0,0,0,49,2,0,0,0,0,0,0,0,6,2
서울특별시 성북구 성북동1가,368110344.8,"37.589374,127.003652",0,0,0,0,3,9,1,0,1,0,0,0,5,0,0,0,0,0,0,0,0,0,0
서울특별시 성북구 안암동1가,719639534.9,"37.588393,127.021456",0,0,0,0,4,0,0,0,0,0,0,0,7,0,0,0,0,0,0,0,0,0,0
서울특별시 성북구 안암동2가,411217391.3,"37.586638,127.022973",1,1,1,0,4,2,1,0,0,0,0,0,9,0,1,0,0,0,0,0,0,1,0
서울특별시 성북구 안암동3가,413481481.5,"37.583915,127.023280",0,0,0,1,2,0,0,0,0,0,0,0,3,0,0,0,0,0,0,0,0,5,0
서울특별시 성북구 안암동4가,681610000,"37.580811,127.024633",0,0,0,0,0,0,0,0,0,0,0,0,5,0,0,0,0,0,0,0,0,0,0
서울특별시 성북구 안암동5가,1030688333,"37.586083,127.029493",0,0,0,0,1,10,9,0,2,0,0,0,78,0,0,0,0,0,0,0,0,0,0
서울특별시 성북구 장위동,438275570.3,"37.614232,127.050118",5,2,0,5,61,39,24,0,0,0,0,0,44,1,2,1,0,0,0,2,0,13,5
서울특별시 성북구 정릉동,439008644.2,"37.608442,127.008288",4,2,2,5,148,72,29,0,3,0,0,0,99,2,3,3,0,0,0,0,1,49,5
서울특별시 성북구 종암동,579298311,"37.597405,127.035032",2,2,1,4,100,42,19,0,1,0,2,0,39,0,5,1,0,0,0,0,0,19,3
서울특별시 성북구 하월곡동,634626387.8,"37.605662,127.035753",2,1,1,2,94,66,26,1,0,0,1,0,56,4,2,2,0,2,0,0,2,19,2
서울특별시 송파구 가락동,849650911.8,"37.496486,127.126006",6,4,0,5,216,148,57,0,3,0,2,0,133,5,14,0,0,0,0,0,1,24,5
서울특별시 송파구 거여동,724259758.4,"37.494161,127.145196",2,1,1,4,81,60,16,1,3,0,0,0,32,6,9,1,0,0,0,0,1,20,4
서울특별시 송파구 마천동,579989038.8,"37.497117,127.152393",2,0,0,2,53,57,23,0,0,0,0,0,23,11,8,1,0,0,0,0,1,13,2
서울특별시 송파구 문정동,669506048.6,"37.486581,127.127495",3,1,1,2,166,131,35,0,7,0,1,4,187,11,10,0,0,1,1,0,0,10,1
서울특별시 송파구 방이동,741472250.5,"37.512017,127.116902",4,5,4,5,263,114,35,0,3,0,2,0,117,4,7,0,0,0,0,0,0,8,5
서울특별시 송파구 삼전동,547782816.5,"37.502724,127.092352",1,1,1,1,133,50,19,0,1,0,1,0,53,2,5,0,0,0,0,0,1,2,1
서울특별시 송파구 석촌동,518005395.5,"37.502699,127.102321",1,0,0,1,117,82,28,0,2,0,0,0,68,1,4,1,0,0,0,0,0,3,1
서울특별시 송파구 송파동,699126898.5,"37.506058,127.111216",2,2,3,5,163,88,28,0,1,0,0,0,103,4,7,1,0,0,0,0,0,11,5
서울특별시 송파구 신천동,749208214.2,"37.517302,127.104967",3,1,1,2,108,111,36,1,2,0,0,2,86,5,4,1,1,2,2,0,0,8,2
서울특별시 송파구 오금동,661000313.2,"37.503984,127.135124",3,4,2,2,150,37,13,0,1,0,1,0,53,7,8,1,0,0,0,0,0,16,2
서울특별시 송파구 잠실동,1415763179,"37.506967,127.083673",7,4,4,6,291,223,56,0,2,0,5,0,143,8,5,3,1,1,0,0,1,16,6
서울특별시 송파구 장지동,456188195.9,"37.478077,127.133269",3,2,1,6,119,29,11,0,2,0,0,0,48,5,4,2,0,0,0,0,0,15,6
서울특별시 송파구 풍납동,831907690.6,"37.534673,127.117643",3,3,1,4,82,43,37,0,0,0,1,0,30,3,2,1,0,0,0,0,1,20,4
서울특별시 양천구 목동,640290952.7,"37.539776,126.869079",8,6,4,14,1041,278,76,1,9,0,5,2,241,6,16,6,2,1,1,3,1,50,14
서울특별시 양천구 신월동,303806820.5,"37.529444,126.834248",8,8,3,7,227,118,57,1,3,0,1,0,114,7,23,9,0,0,0,3,2,53,5
서울특별시 양천구 신정동,737636337.8,"37.521636,126.857957",14,5,8,18,855,239,58,1,8,0,8,0,193,9,35,10,0,0,0,0,2,69,18
서울특별시 영등포구 당산동,607187074.8,"37.528625,126.907439",1,1,0,1,8,0,0,0,0,0,0,0,8,0,0,1,0,0,0,0,0,1,1
서울특별시 영등포구 당산동1가,710341037.7,"37.522336,126.898748",0,0,0,0,7,8,5,0,0,0,0,0,18,0,0,1,0,0,0,0,0,0,0
서울특별시 영등포구 당산동2가,608935606.1,"37.522967,126.892688",0,0,0,0,10,7,1,0,0,0,0,0,13,0,0,0,0,0,0,0,0,0,0
서울특별시 영등포구 당산동3가,657954135.3,"37.525551,126.896668",0,0,0,2,12,22,4,1,1,0,0,0,48,1,0,1,0,0,0,0,0,7,0
서울특별시 영등포구 당산동4가,923305447.5,"37.528887,126.898848",0,0,0,0,30,17,5,0,1,0,0,0,34,3,0,0,0,0,0,0,0,9,0
서울특별시 영등포구 당산동5가,803207959.2,"37.532856,126.899187",1,1,0,1,59,34,7,0,0,0,0,0,7,3,0,0,0,0,0,0,0,8,1
서울특별시 영등포구 당산동6가,375150684.9,"37.534373,126.903445",0,0,0,0,6,34,7,0,0,0,0,0,19,0,1,1,0,0,0,0,0,1,0
서울특별시 영등포구 대림동,540077377.7,"37.494306,126.900642",5,2,0,7,76,88,45,0,2,1,0,0,70,1,7,4,0,0,1,0,0,20,7
서울특별시 영등포구 도림동,527011828,"37.509277,126.902494",0,0,0,1,31,17,6,0,0,0,0,0,25,1,1,1,0,0,0,0,0,8,0
서울특별시 영등포구 문래동1가,961800000,"37.512364,126.897201",1,0,0,1,5,0,0,0,0,0,0,0,9,0,0,0,0,0,0,0,0,10,1
서울특별시 영등포구 문래동2가,725034705.9,"37.513290,126.893779",0,0,0,0,7,3,1,0,0,0,0,0,15,0,0,0,0,0,0,0,0,1,0
서울특별시 영등포구 문래동3가,983666932.3,"37.516929,126.897249",1,1,0,0,39,37,11,0,0,0,1,0,49,1,0,1,0,1,0,0,0,11,0
서울특별시 영등포구 문래동4가,731075000,"37.515082,126.890475",0,0,0,0,5,2,1,0,0,0,0,0,9,2,0,1,0,0,0,0,0,0,0
서울특별시 영등포구 문래동5가,573317391.3,"37.515863,126.885676",0,0,0,0,6,0,0,0,0,0,1,0,11,1,0,0,0,0,0,0,0,0,0
서울특별시 영등포구 문래동6가,552494949.5,"37.519342,126.886528",1,1,0,0,21,14,4,0,0,0,0,0,11,1,0,1,0,0,0,0,0,3,0
서울특별시 영등포구 신길동,715535869.9,"37.507088,126.913103",6,2,4,11,207,143,53,0,4,0,0,0,119,6,3,7,0,0,0,0,2,42,10
서울특별시 영등포구 양평동1가,632708476.2,"37.523571,126.888814",0,0,0,1,13,3,2,0,0,0,0,0,28,0,1,1,0,0,0,0,0,19,0
서울특별시 영등포구 양평동2가,456118840.6,"37.524270,126.884578",0,0,0,0,6,9,3,0,1,0,0,0,21,0,0,0,0,0,0,0,0,2,0
서울특별시 영등포구 양평동3가,692057490.6,"37.528148,126.889731",2,1,0,2,26,6,2,0,1,0,0,0,21,0,0,1,0,2,0,0,0,0,2
서울특별시 영등포구 양평동4가,407875925.9,"37.537079,126.896260",1,0,2,0,13,16,3,0,1,0,0,0,36,0,1,1,0,0,0,0,0,0,0
서울특별시 영등포구 양평동5가,664848062,"37.538964,126.893422",0,0,0,1,17,8,4,0,0,0,0,0,20,0,0,0,0,0,0,0,0,0,0
서울특별시 영등포구 양평동6가,392431610.2,"37.542645,126.890065",0,0,0,0,0,0,0,0,0,0,0,0,5,0,0,0,0,0,0,0,0,0,0
서울특별시 영등포구 여의도동,1112906250,"37.524371,126.925958",2,2,2,5,115,164,48,0,5,0,1,2,278,1,2,2,1,2,1,0,0,5,5
서울특별시 영등포구 영등포동,801459911.9,"37.513448,126.907724",1,1,0,1,28,16,9,0,0,0,0,1,32,1,1,1,1,0,0,0,0,6,1
서울특별시 영등포구 영등포동1가,251281823,"37.517710,126.913057",0,0,0,0,6,0,0,0,0,0,0,0,4,0,0,0,0,0,0,0,0,4,0
서울특별시 영등포구 영등포동2가,303455229.4,"37.520839,126.910094",0,0,0,0,1,0,5,0,0,0,0,0,27,1,0,0,0,0,0,0,0,0,0
서울특별시 영등포구 영등포동3가,85817464.11,"37.518155,126.907998",0,0,0,0,9,32,7,0,0,0,0,0,26,0,0,0,0,0,0,0,0,10,0
서울특별시 영등포구 영등포동4가,96368605.28,"37.517981,126.903506",0,0,0,0,8,25,14,0,0,0,0,2,46,0,0,0,1,0,1,0,0,0,0
서울특별시 영등포구 영등포동5가,544043695.7,"37.521133,126.907084",0,0,0,0,6,16,7,0,0,0,0,0,5,0,0,0,0,0,0,0,0,0,0
서울특별시 영등포구 영등포동6가,428790312.5,"37.521556,126.903090",0,0,0,0,8,19,4,0,0,0,0,0,10,0,1,0,0,0,0,0,0,0,0
서울특별시 영등포구 영등포동7가,847454497.4,"37.524619,126.906670",1,0,0,1,12,5,2,0,0,0,0,0,24,1,1,1,0,0,0,0,0,0,1
서울특별시 영등포구 영등포동8가,588496551.7,"37.527015,126.905253",0,0,0,2,14,11,2,0,1,0,0,0,15,0,0,0,0,1,0,0,0,0,0
서울특별시 용산구 갈월동,548742026.5,"37.546267,126.972941",0,0,0,0,13,28,7,0,1,0,0,0,21,0,0,1,0,0,0,0,1,2,0
서울특별시 용산구 남영동,747258050.4,"37.542934,126.973410",0,0,0,0,1,8,3,0,0,0,0,0,13,0,0,0,0,0,0,0,0,1,0
서울특별시 용산구 도원동,650184363.8,"37.539188,126.957940",0,0,0,1,16,3,2,0,0,0,0,0,4,0,1,1,0,0,0,0,0,2,0
서울특별시 용산구 동빙고동,492595062.3,"37.523599,126.995949",0,0,0,0,8,0,0,0,0,0,0,0,7,0,0,0,0,0,0,0,0,5,0
서울특별시 용산구 동자동,717256646.2,"37.551535,126.974137",0,0,0,0,4,3,4,0,1,0,0,0,23,0,3,0,0,0,0,0,0,1,0
서울특별시 용산구 문배동,492221248.1,"37.536423,126.969346",0,0,0,0,4,0,0,0,0,0,0,0,3,3,1,0,0,0,0,0,0,1,0
서울특별시 용산구 보광동,404613285.8,"37.528858,126.999766",0,0,0,0,15,20,9,0,0,1,0,0,9,0,0,1,0,0,0,1,0,13,0
서울특별시 용산구 산천동,612282162.9,"37.535428,126.952396",1,0,0,2,21,4,1,0,0,0,0,0,2,0,0,1,0,0,0,0,0,4,2
서울특별시 용산구 서계동,371769691,"37.552113,126.966089",0,0,0,0,3,7,3,0,0,0,0,0,11,0,2,1,0,0,0,1,0,3,0
서울특별시 용산구 서빙고동,963450820.6,"37.521042,126.993023",1,1,0,1,6,0,0,0,0,0,1,0,8,0,0,1,0,0,0,0,0,4,1
서울특별시 용산구 신계동,772745992.6,"37.534581,126.964922",0,0,0,0,0,0,0,0,0,0,0,0,3,1,0,0,0,0,0,0,0,1,0
서울특별시 용산구 신창동,449967982,"37.535730,126.955199",0,0,0,0,1,0,0,0,0,0,0,0,2,0,1,0,0,0,0,0,0,1,0
서울특별시 용산구 용문동,411625598.7,"37.537571,126.959936",0,0,0,0,3,11,1,0,0,0,0,0,13,0,0,0,0,0,0,0,0,4,0
서울특별시 용산구 용산동1가,0,"37.534968,126.977282",0,0,0,0,0,0,0,0,0,0,0,0,3,0,0,0,0,0,0,0,0,0,0
서울특별시 용산구 용산동2가,412972827.6,"37.544184,126.985110",1,2,2,0,7,7,4,0,1,0,0,0,35,0,0,2,0,0,0,0,0,5,0
서울특별시 용산구 용산동3가,685485772,"37.533189,126.974319",0,0,0,0,0,2,1,0,0,0,0,0,2,0,1,0,0,0,0,0,0,1,0
서울특별시 용산구 용산동4가,0,"37.534964,126.986876",0,0,0,0,0,0,0,0,0,0,0,0,1,0,0,0,0,0,0,0,0,0,0
서울특별시 용산구 용산동5가,1227242377,"37.527123,126.970830",0,0,0,0,0,0,0,0,0,0,0,0,7,1,0,0,0,0,0,0,0,0,0
서울특별시 용산구 용산동6가,0,"37.519150,126.983164",0,0,0,0,1,1,1,0,0,0,0,0,4,1,0,0,0,0,2,0,0,0,0
서울특별시 용산구 원효로1가,581770260.8,"37.539977,126.966998",0,0,0,0,9,9,1,0,1,0,0,0,23,0,0,1,0,0,0,0,0,0,0
서울특별시 용산구 원효로2가,423527112.7,"37.536307,126.963165",1,0,0,1,7,11,5,0,0,0,0,0,8,0,0,0,0,0,0,0,0,0,1
서울특별시 용산구 원효로3가,388288467.4,"37.534140,126.956862",0,0,0,0,0,1,2,0,0,0,0,0,5,0,1,0,0,0,0,0,0,1,0
서울특별시 용산구 원효로4가,642604521.3,"37.533504,126.952763",0,0,0,0,2,1,1,0,0,0,0,0,14,0,0,0,0,0,0,0,0,1,0
서울특별시 용산구 이촌동,1173250352,"37.524133,126.961987",1,1,1,5,40,45,14,0,2,0,0,0,55,9,1,1,0,0,0,0,0,16,5
서울특별시 용산구 이태원동,847904713.9,"37.536700,126.992151",2,0,1,0,10,21,7,1,2,0,1,0,121,3,2,2,0,0,1,1,0,12,0
서울특별시 용산구 주성동,1413877962,"37.522591,126.998382",0,0,0,0,0,0,0,0,0,0,0,0,1,1,0,0,0,0,0,0,0,0,0
서울특별시 용산구 청암동,1083678978,"37.535040,126.946500",0,0,0,0,0,0,0,0,0,0,0,0,0,0,0,0,0,0,0,0,0,1,0
서울특별시 용산구 청파동1가,374140540.2,"37.548870,126.967046",0,0,0,0,3,1,2,0,0,0,0,0,5,0,0,0,0,0,0,0,0,0,0
서울특별시 용산구 청파동2가,520712546.9,"37.546067,126.967745",1,0,0,1,5,4,3,0,0,0,0,0,33,0,0,1,0,0,0,0,0,1,1
서울특별시 용산구 청파동3가,492549086.1,"37.543407,126.968276",1,2,2,0,4,6,4,0,0,0,0,0,18,0,1,0,0,0,0,0,0,0,0
서울특별시 용산구 한강로1가,660005810.3,"37.534384,126.973765",0,0,0,0,3,7,1,0,0,0,0,0,15,0,1,0,0,0,0,0,0,3,0
서울특별시 용산구 한강로2가,636850203.3,"37.531715,126.970242",1,0,0,0,3,38,12,0,0,0,0,0,50,0,0,1,0,1,0,0,0,3,0
서울특별시 용산구 한강로3가,1347221002,"37.524659,126.963299",1,0,1,0,4,20,12,0,1,0,0,5,49,2,0,0,1,0,1,0,0,0,0
서울특별시 용산구 한남동,698924512.4,"37.533889,127.003955",1,0,0,1,18,31,13,0,6,0,1,0,149,3,0,1,0,0,0,0,0,10,1
서울특별시 용산구 효창동,500942496.9,"37.543291,126.961214",1,0,0,0,20,11,5,0,0,0,0,0,17,1,1,1,0,0,0,0,1,4,0
서울특별시 용산구 후암동,425107424.6,"37.549171,126.978938",2,0,0,1,25,16,8,0,0,0,0,1,33,0,2,3,0,0,0,0,0,5,1
서울특별시 은평구 갈현동,356107829.2,"37.621223,126.914993",2,3,5,3,163,74,27,0,2,0,1,0,93,1,6,3,0,0,0,0,0,13,3
서울특별시 은평구 구산동,334795119.1,"37.611390,126.910297",3,3,3,2,75,26,8,1,1,0,0,0,24,7,2,2,0,1,0,0,0,7,2
서울특별시 은평구 녹번동,366962581.5,"37.605253,126.929107",3,0,0,4,59,28,13,1,0,0,0,1,47,6,6,5,0,0,0,0,1,13,4
서울특별시 은평구 대조동,345177242.3,"37.612276,126.922850",2,0,2,0,59,98,25,0,3,0,1,2,44,3,1,4,0,0,2,0,0,4,0
서울특별시 은평구 불광동,416982802.7,"37.620465,126.927435",6,3,1,7,122,104,25,0,2,0,1,0,56,13,3,8,0,0,2,0,0,27,6
서울특별시 은평구 수색동,627166563.7,"37.585121,126.894260",1,0,0,2,8,8,5,0,0,0,0,0,9,1,0,2,0,1,0,0,1,11,2
서울특별시 은평구 신사동,348023682.1,"37.595711,126.909195",3,3,1,4,105,47,15,0,1,0,0,0,48,5,5,2,0,0,0,0,1,18,4
서울특별시 은평구 역촌동,306460192.5,"37.604770,126.915663",1,0,0,2,123,51,18,0,1,0,0,0,56,3,4,9,0,0,0,1,0,4,2
서울특별시 은평구 응암동,414526610.5,"37.592677,126.920257",4,2,2,9,165,143,49,1,4,0,2,0,119,9,5,11,0,1,0,1,0,17,9
서울특별시 은평구 증산동,545418525.4,"37.584724,126.907223",1,2,0,1,38,22,8,0,1,0,1,0,16,0,2,5,0,0,0,0,0,9,1
서울특별시 은평구 진관동,727060011.6,"37.644355,126.936524",5,2,4,7,157,60,26,0,1,2,2,1,89,17,1,31,0,1,1,0,0,42,6
서울특별시 종로구 가회동,1045154726,"37.582235,126.984666",0,0,0,1,0,0,0,0,0,0,0,0,18,0,0,0,0,0,0,0,0,1,0
서울특별시 종로구 견지동,472690852,"37.573529,126.983065",0,0,0,0,1,7,1,0,0,0,0,0,4,0,0,0,0,0,0,0,0,0,0
서울특별시 종로구 경운동,364768269.2,"37.574538,126.986664",1,0,0,0,2,7,2,0,0,0,0,0,4,0,0,0,0,0,0,0,0,0,0
서울특별시 종로구 계동,557352500.4,"37.581321,126.987016",0,0,0,0,2,3,1,0,0,0,0,0,37,0,0,0,0,0,0,0,0,0,0
서울특별시 종로구 공평동,0,"37.571692,126.982996",0,0,0,0,0,0,0,0,0,0,0,0,9,0,0,0,0,0,0,0,0,0,0
서울특별시 종로구 관수동,151083333.3,"37.569200,126.990527",0,0,0,0,7,4,1,0,0,0,0,1,5,0,0,0,0,0,0,0,0,1,0
서울특별시 종로구 관철동,535107142.9,"37.569182,126.986053",0,0,0,0,31,10,3,0,0,0,0,0,18,0,0,0,0,0,0,0,0,2,0
서울특별시 종로구 관훈동,0,"37.574336,126.984857",0,0,0,0,0,2,1,0,0,0,0,0,15,0,0,0,0,0,0,0,0,0,0
서울특별시 종로구 교남동,1686917604,"37.567917,126.965108",0,0,0,0,0,2,1,0,0,0,0,0,0,0,0,0,0,0,0,0,0,0,0
서울특별시 종로구 교북동,595541644.3,"37.572612,126.960436",0,0,0,0,5,3,1,0,0,0,0,0,3,0,0,0,0,0,0,0,0,0,0
서울특별시 종로구 구기동,562671635.2,"37.609211,126.957246",0,0,0,0,6,5,2,0,0,0,0,0,15,0,0,0,0,0,0,0,0,3,0
서울특별시 종로구 궁정동,0,"37.584381,126.971489",0,0,0,0,0,0,0,0,0,0,0,0,4,0,0,1,0,0,0,0,0,0,0
서울특별시 종로구 권농동,511066220,"37.575619,126.991498",0,0,0,0,0,0,0,0,0,0,0,0,3,0,0,0,0,0,0,0,0,0,0
서울특별시 종로구 낙원동,206950740.7,"37.572558,126.988732",0,0,0,0,5,4,2,0,0,0,0,2,11,0,0,0,0,0,0,0,0,6,0
서울특별시 종로구 내수동,768038670.6,"37.573113,126.971819",0,0,0,0,2,0,0,0,1,0,0,0,9,2,0,0,0,0,0,0,0,0,0
서울특별시 종로구 내자동,540000000,"37.575641,126.971177",0,0,0,0,5,8,4,0,0,0,0,0,6,0,0,0,0,0,0,0,0,0,0
서울특별시 종로구 누상동,288513055.2,"37.580478,126.965838",0,0,0,0,1,0,0,0,0,0,0,0,3,0,0,0,0,0,0,0,0,0,0
서울특별시 종로구 누하동,384839655.9,"37.579423,126.968521",0,0,0,0,3,2,1,0,0,0,0,0,11,0,0,0,0,0,0,0,0,0,0
서울특별시 종로구 당주동,546255166.7,"37.571429,126.974570",0,0,0,0,0,12,2,0,1,0,0,0,14,0,0,0,0,0,0,0,0,0,0
서울특별시 종로구 도렴동,0,"37.572445,126.975158",0,0,0,0,0,2,1,0,0,0,0,0,4,0,0,0,0,0,0,0,0,0,0
서울특별시 종로구 돈의동,193129431.7,"37.572085,126.990736",0,0,0,0,1,1,1,0,0,0,0,2,4,0,0,0,0,0,0,0,0,0,0
서울특별시 종로구 동숭동,457693697.3,"37.581654,127.005083",1,1,0,0,5,8,2,0,0,0,0,0,47,1,0,0,0,0,0,0,0,3,0
서울특별시 종로구 명륜1가,522404105.8,"37.588347,126.997733",0,0,0,0,15,6,2,0,0,0,0,0,9,0,1,0,0,0,0,0,0,1,0
서울특별시 종로구 명륜2가,603939716.3,"37.584521,126.998638",0,0,0,0,8,8,3,0,0,0,0,5,23,0,0,0,0,0,0,0,0,1,0
서울특별시 종로구 명륜3가,317026600.2,"37.588359,126.994739",0,0,0,0,3,1,2,0,0,0,0,0,9,1,1,1,0,0,0,0,0,2,0
서울특별시 종로구 명륜4가,487301923.5,"37.582225,127.000008",0,0,0,0,2,1,6,0,0,0,0,0,21,0,0,0,0,0,0,0,0,2,0
서울특별시 종로구 묘동,0,"37.572598,126.991715",0,0,0,0,9,2,1,0,0,0,0,1,7,0,0,0,0,0,0,0,0,0,0
서울특별시 종로구 무악동,610308928.3,"37.575906,126.959334",1,0,0,1,22,4,5,0,0,0,0,0,10,1,2,1,0,0,0,0,0,3,1
서울특별시 종로구 봉익동,0,"37.572398,126.992873",0,0,0,0,0,0,1,0,0,0,0,0,6,0,0,0,0,0,0,0,0,0,0
서울특별시 종로구 부암동,571872716.9,"37.594148,126.964248",0,0,0,0,4,0,0,0,0,0,0,0,42,1,0,0,0,0,0,0,0,1,0
서울특별시 종로구 사간동,845776346.2,"37.577668,126.980593",0,0,0,0,0,0,0,0,0,0,0,0,9,0,0,0,0,0,0,0,0,0,0
서울특별시 종로구 사직동,627694283.6,"37.573711,126.966295",0,0,0,0,0,0,0,0,0,0,0,0,7,1,0,2,0,0,0,0,0,1,0
서울특별시 종로구 삼청동,618216639.4,"37.585404,126.982123",0,0,0,0,1,0,0,0,0,0,0,0,28,1,0,1,0,0,0,0,0,1,0
서울특별시 종로구 서린동,0,"37.569668,126.979809",0,0,0,0,5,10,1,0,0,0,0,0,15,1,0,0,0,1,0,0,0,1,0
서울특별시 종로구 세종로,0,"37.572655,126.976742",0,0,0,0,0,6,1,0,0,0,0,0,16,0,0,0,0,0,0,0,0,0,0
서울특별시 종로구 소격동,914723556.8,"37.580122,126.981424",0,0,0,0,0,0,0,0,0,0,0,0,25,0,0,0,0,0,0,0,0,0,0
서울특별시 종로구 송월동,92779891.3,"37.569779,126.965760",0,0,0,0,1,0,0,0,0,0,0,0,0,3,0,0,0,0,0,0,0,0,0
서울특별시 종로구 수송동,469423003.9,"37.573994,126.981139",0,0,0,0,1,9,2,0,0,0,0,0,24,1,0,0,0,0,0,0,0,0,0
서울특별시 종로구 숭인동,318046394.5,"37.575979,127.018802",0,0,0,1,14,26,7,0,1,0,0,0,19,2,0,3,0,0,0,1,0,7,0
서울특별시 종로구 신교동,307542995.3,"37.583911,126.968354",0,0,0,0,5,0,0,0,0,0,0,0,2,0,0,0,0,0,0,0,0,0,0
서울특별시 종로구 신문로1가,387283578.4,"37.570366,126.973968",0,0,0,0,1,20,4,0,0,0,0,1,24,2,0,0,0,1,0,0,0,0,0
서울특별시 종로구 신문로2가,507334814.8,"37.571299,126.968815",0,0,0,0,1,0,0,0,2,0,0,2,13,1,0,0,0,0,0,0,0,0,0
서울특별시 종로구 신영동,391633158.5,"37.602696,126.961378",1,0,0,0,17,1,1,0,0,0,0,0,7,0,0,0,0,0,0,0,0,0,0
서울특별시 종로구 안국동,758292912.8,"37.577515,126.983939",0,0,0,0,0,4,1,0,0,0,0,0,20,0,0,0,0,0,0,0,0,0,0
서울특별시 종로구 연건동,77768158.37,"37.577500,127.000903",0,0,0,0,1,1,8,0,0,0,0,0,18,0,0,0,0,0,0,0,0,1,0
서울특별시 종로구 연지동,195567390.1,"37.573590,126.999447",0,0,0,0,1,0,0,0,0,0,0,0,10,1,0,0,0,0,0,0,0,0,0
서울특별시 종로구 예지동,0,"37.569643,126.997971",0,0,0,0,0,0,0,0,0,0,0,1,4,0,0,0,0,0,1,1,0,0,0
서울특별시 종로구 옥인동,478882267.1,"37.582175,126.967275",0,0,0,1,2,1,2,1,0,0,0,0,7,1,1,0,0,0,0,0,0,1,0
서울특별시 종로구 와룡동,1801521922,"37.576950,126.991141",0,0,0,0,1,0,0,0,0,0,0,0,7,1,0,0,0,0,0,0,0,1,0
서울특별시 종로구 운니동,289393597,"37.576159,126.989206",0,0,0,1,0,0,0,0,0,0,0,0,8,0,0,0,0,0,0,0,0,2,0
서울특별시 종로구 원남동,288785666.4,"37.575326,126.997429",0,0,0,0,0,0,5,0,0,0,0,0,7,0,0,0,0,0,0,0,0,0,0
서울특별시 종로구 원서동,353972084.1,"37.581687,126.988696",0,0,0,0,0,0,0,0,0,0,0,0,12,1,0,0,0,0,0,0,0,2,0
서울특별시 종로구 이화동,365604904,"37.577066,127.006358",0,0,0,0,2,0,0,0,0,0,0,0,8,0,0,1,0,0,0,0,0,1,0
서울특별시 종로구 익선동,412876491.4,"37.574082,126.989819",0,0,0,0,0,0,0,0,0,0,0,0,26,0,0,1,0,0,0,0,0,0,0
서울특별시 종로구 인사동,3251938889,"37.571837,126.986206",0,0,0,0,4,0,0,0,0,0,0,0,6,1,0,0,0,0,0,0,0,5,0
서울특별시 종로구 인의동,484287448,"37.573102,126.997921",0,0,0,0,6,0,0,0,0,0,0,0,6,0,0,0,0,0,0,0,0,1,0
서울특별시 종로구 장사동,930000000,"37.569411,126.993830",0,0,0,0,0,0,0,0,1,0,0,0,2,0,0,0,0,0,0,0,0,0,0
서울특별시 종로구 재동,766337279.3,"37.578363,126.985575",0,0,0,0,0,0,0,0,0,0,0,0,9,0,0,0,0,0,0,0,0,1,0
서울특별시 종로구 적선동,319890485.1,"37.576122,126.973453",0,0,0,0,0,12,3,0,1,0,0,0,13,0,0,0,0,0,0,0,0,0,0
서울특별시 종로구 종로1가,411937500,"37.570479,126.980434",0,0,0,0,2,17,6,0,0,0,0,0,12,0,0,0,0,0,1,0,0,0,0
서울특별시 종로구 종로2가,0,"37.570195,126.986454",0,0,0,0,16,18,5,0,1,0,0,0,15,1,0,0,0,0,0,0,0,0,0
서울특별시 종로구 종로3가,0,"37.570337,126.992072",0,0,0,0,8,18,6,0,0,0,0,0,11,0,0,0,0,0,0,0,0,1,0
서울특별시 종로구 종로4가,0,"37.570618,126.998135",0,0,0,0,1,10,12,0,0,0,0,0,4,0,0,0,0,0,0,0,0,0,0
서울특별시 종로구 종로5가,123200000,"37.570540,127.003794",0,0,0,0,4,42,23,0,0,0,0,0,17,0,0,0,0,0,0,0,0,0,0
서울특별시 종로구 종로6가,696801495.5,"37.572572,127.006996",0,0,0,1,2,26,6,0,0,0,0,0,15,1,0,0,0,0,0,0,0,0,0
서울특별시 종로구 중학동,0,"37.575301,126.979265",0,0,0,0,0,0,0,0,0,0,0,0,6,0,0,0,0,0,0,0,0,0,0
서울특별시 종로구 창성동,634676740.4,"37.580363,126.972065",0,0,0,0,1,3,1,0,0,0,0,0,5,0,0,0,0,0,0,0,0,0,0
서울특별시 종로구 창신동,316694709.3,"37.574729,127.012062",2,0,1,2,14,51,16,0,1,0,0,0,30,0,3,1,0,0,0,1,1,10,2
서울특별시 종로구 청운동,915404550.1,"37.587111,126.969069",1,1,2,1,3,0,0,0,0,0,0,0,6,0,0,1,0,0,0,0,0,1,1
서울특별시 종로구 청진동,0,"37.571886,126.980676",0,0,0,0,2,17,5,0,0,0,0,0,31,1,0,0,0,0,0,0,0,1,0
서울특별시 종로구 체부동,430192493.3,"37.577645,126.970877",0,0,0,0,1,0,0,0,0,0,0,0,13,0,0,0,0,0,0,0,0,0,0
서울특별시 종로구 충신동,270059772.3,"37.575189,127.006471",0,0,0,0,0,2,1,0,0,0,0,0,2,0,0,0,0,0,0,0,0,2,0
서울특별시 종로구 통의동,687572240.1,"37.578307,126.972872",0,0,0,0,1,0,0,0,1,0,0,0,12,0,0,0,0,0,0,0,0,0,0
서울특별시 종로구 통인동,793023254.7,"37.580141,126.970127",0,0,0,0,4,1,1,0,0,0,0,0,9,0,0,1,0,0,0,0,0,0,0
서울특별시 종로구 팔판동,1465752028,"37.582882,126.980836",0,0,0,0,0,0,0,0,0,0,0,0,18,0,0,0,0,0,0,0,0,1,0
서울특별시 종로구 평동,960011377,"37.567121,126.967018",0,0,0,0,0,4,12,0,0,0,0,0,10,0,0,0,0,0,0,0,0,0,0
서울특별시 종로구 평창동,812755853,"37.610420,126.969837",0,0,0,0,25,8,3,0,1,0,0,0,45,4,3,1,0,0,0,0,0,3,0
서울특별시 종로구 필운동,547547937,"37.577076,126.968848",1,0,0,2,9,0,0,0,0,0,0,0,9,0,0,0,0,0,0,0,0,0,2
서울특별시 종로구 행촌동,231415051.3,"37.574294,126.962469",0,0,0,0,4,0,0,0,0,0,0,0,1,2,0,1,0,0,0,0,0,2,0
서울특별시 종로구 혜화동,580048467.1,"37.587955,127.001157",1,2,3,3,14,12,4,0,0,0,0,0,23,0,0,1,0,0,0,0,0,0,3
서울특별시 종로구 홍지동,462035955,"37.600310,126.957773",1,1,1,2,1,0,0,0,0,0,0,0,9,0,0,0,0,0,0,0,0,0,2
서울특별시 종로구 홍파동,944864160.3,"37.571862,126.965154",0,0,0,0,8,6,2,0,0,0,0,0,1,0,0,0,0,0,0,0,0,0,0
서울특별시 종로구 화동,716409654.6,"37.580693,126.982268",0,0,0,0,0,0,0,0,0,0,0,0,15,0,0,1,0,0,0,0,0,0,0
서울특별시 종로구 효자동,633377237.4,"37.582416,126.971670",0,0,0,0,1,0,0,0,0,0,0,0,4,0,0,0,0,0,0,0,0,0,0
서울특별시 종로구 효제동,276767742.5,"37.572859,127.003417",1,0,0,0,1,0,0,0,1,0,0,0,6,0,1,1,0,0,0,0,0,2,0
서울특별시 중구 광희동1가,75092857.14,"37.565194,127.005069",0,0,0,0,0,1,1,0,0,1,0,0,5,0,1,1,0,0,0,0,0,1,0
서울특별시 중구 광희동2가,97642457.23,"37.563799,127.008655",0,0,0,0,0,4,1,0,0,0,0,0,1,0,0,0,0,0,0,0,0,0,0
서울특별시 중구 남대문로1가,0,"37.567451,126.982976",0,0,0,0,0,0,0,0,0,0,0,0,2,0,0,0,0,0,0,0,0,0,0
서울특별시 중구 남대문로2가,0,"37.563785,126.981752",0,0,0,0,0,1,1,0,0,0,0,1,1,0,0,0,1,0,1,0,0,0,0
서울특별시 중구 남대문로3가,0,"37.561033,126.978259",0,0,0,0,0,2,2,0,0,0,0,0,4,0,0,0,0,0,0,0,0,0,0
서울특별시 중구 남대문로4가,0,"37.560635,126.976863",0,0,0,0,0,6,2,0,0,0,0,0,9,0,0,0,0,0,0,0,0,1,0
서울특별시 중구 남대문로5가,910674775.6,"37.557154,126.974366",0,0,0,0,0,22,5,0,0,0,1,0,33,0,0,0,0,0,0,0,0,0,0
서울특별시 중구 남산동1가,854087719.3,"37.559260,126.984605",0,0,0,0,0,8,1,0,0,0,0,0,2,0,0,0,0,0,0,0,0,0,0
서울특별시 중구 남산동2가,549590543.4,"37.558534,126.985813",0,0,0,0,0,0,0,0,0,0,0,0,16,0,0,0,0,0,0,0,0,1,0
서울특별시 중구 남산동3가,2980000000,"37.560392,126.987105",0,0,0,0,1,0,0,0,0,0,0,0,4,0,0,0,0,0,0,0,0,0,0
서울특별시 중구 남창동,449924731.2,"37.558450,126.977464",0,0,0,1,0,16,5,0,0,0,0,0,23,0,0,0,0,0,0,0,0,0,0
서울특별시 중구 남학동,835604329,"37.560410,126.990860",0,0,0,0,0,0,0,0,0,0,0,0,1,0,0,0,0,0,0,0,0,0,0
서울특별시 중구 다동,0,"37.567577,126.981026",0,0,0,0,2,8,2,0,0,0,0,0,16,1,0,0,0,0,0,0,0,0,0
서울특별시 중구 만리동1가,485021986.7,"37.556408,126.967319",0,0,0,0,3,0,0,0,0,0,0,0,6,0,0,0,0,0,0,0,0,1,0
서울특별시 중구 만리동2가,605366869.5,"37.553986,126.964150",0,0,0,0,0,4,1,0,0,1,1,0,7,3,0,1,0,0,0,0,0,1,0
서울특별시 중구 명동1가,7500000000,"37.564135,126.984148",0,0,0,0,0,10,4,0,0,0,1,0,11,1,0,0,0,0,0,0,0,0,0
서울특별시 중구 명동2가,0,"37.562880,126.984505",0,0,0,0,0,20,3,0,0,0,0,1,29,0,0,0,0,0,1,0,0,0,0
서울특별시 중구 무교동,0,"37.567732,126.979171",0,0,0,0,1,17,3,0,0,0,0,0,5,1,0,0,0,0,0,0,0,0,0
서울특별시 중구 무학동,180467033,"37.564149,127.015091",0,0,0,0,0,7,2,1,0,0,0,0,2,0,0,0,0,0,0,0,0,0,0
서울특별시 중구 묵정동,340408098.9,"37.561401,127.000871",0,0,0,0,3,3,1,0,0,0,0,0,4,0,0,0,0,0,0,0,0,0,0
서울특별시 중구 방산동,0,"37.568469,127.001903",0,0,0,0,0,3,1,0,0,0,0,0,3,0,0,0,0,0,0,0,0,0,0
서울특별시 중구 봉래동1가,0,"37.558687,126.972589",0,0,0,0,0,0,0,0,1,0,0,0,3,0,0,0,0,0,0,0,0,0,0
서울특별시 중구 봉래동2가,0,"37.557841,126.970620",0,0,0,0,0,0,1,0,0,0,0,1,7,0,0,0,0,1,1,0,0,0,0
서울특별시 중구 북창동,1870000000,"37.562500,126.978056",0,0,0,0,1,2,1,0,0,0,0,0,8,0,0,0,0,0,0,0,0,0,0
서울특별시 중구 산림동,571079936.1,"37.567564,126.996085",0,0,0,0,0,0,0,0,0,0,0,0,5,0,0,0,0,0,0,0,0,0,0
서울특별시 중구 삼각동,0,"37.567588,126.983748",0,0,0,0,0,3,1,0,0,0,0,0,4,1,0,0,0,0,0,0,0,0,0
서울특별시 중구 서소문동,2900000000,"37.563075,126.974142",0,0,0,0,1,23,5,0,0,0,0,0,33,1,0,0,0,0,0,0,0,1,0
서울특별시 중구 소공동,0,"37.563731,126.980135",0,0,0,0,1,7,2,0,0,0,0,0,30,0,0,0,1,0,0,0,0,0,0
서울특별시 중구 수표동,9133335000,"37.567358,126.989674",0,0,0,0,0,2,1,0,0,0,0,0,12,0,0,0,0,0,0,0,0,0,0
서울특별시 중구 수하동,0,"37.567242,126.984082",0,0,0,0,2,2,1,0,0,0,0,0,7,0,0,0,0,0,0,0,0,0,0
서울특별시 중구 순화동,534177727.3,"37.562471,126.970566",0,0,0,0,0,8,1,0,0,0,1,0,16,1,1,0,0,0,0,0,0,1,0
서울특별시 중구 신당동,493862428.7,"37.559441,127.013427",6,5,5,7,97,121,40,2,4,4,0,0,157,5,6,10,0,0,1,0,2,29,7
서울특별시 중구 쌍림동,239902950.1,"37.563176,127.004625",0,0,0,0,0,5,1,0,0,0,0,0,10,1,0,0,0,0,0,0,0,0,0
서울특별시 중구 예관동,401543509.8,"37.564357,126.998220",0,0,0,0,0,0,0,0,0,0,0,0,3,0,0,1,0,0,0,0,0,0,0
서울특별시 중구 예장동,192278603.9,"37.557397,126.990492",0,0,0,2,0,0,0,0,0,0,0,0,7,0,0,0,0,0,0,0,0,0,0
서울특별시 중구 오장동,256551253.9,"37.564685,127.000700",0,0,0,0,1,0,2,0,0,0,0,0,5,0,0,0,0,0,0,0,0,0,0
서울특별시 중구 을지로1가,0,"37.566295,126.980137",0,0,0,0,1,5,2,0,0,0,0,0,14,0,0,0,0,0,0,0,0,0,0
서울특별시 중구 을지로2가,171825000,"37.565757,126.985892",0,0,0,0,4,21,6,0,0,0,0,0,18,2,0,0,0,0,0,0,0,0,0
서울특별시 중구 을지로3가,615666666.7,"37.566292,126.992337",0,0,0,0,1,5,1,0,1,0,0,0,12,0,0,0,0,0,0,0,0,0,0
서울특별시 중구 을지로4가,278636363.6,"37.566587,126.998139",0,0,0,0,0,16,5,0,0,0,0,0,11,0,0,0,0,0,0,0,0,1,0
서울특별시 중구 을지로5가,308563953.5,"37.566455,127.001862",0,0,0,0,0,0,0,0,0,0,0,0,2,0,0,0,0,0,0,0,0,0,0
서울특별시 중구 을지로6가,193672391.3,"37.566868,127.006310",0,0,0,0,1,15,7,0,0,0,0,3,32,1,0,0,0,0,2,0,0,0,0
서울특별시 중구 을지로7가,1560000000,"37.565117,127.009288",0,0,0,0,0,0,0,0,0,0,0,0,15,0,0,0,0,0,1,0,0,0,0
서울특별시 중구 의주로1가,492346000,"37.564783,126.968176",0,0,0,0,0,2,1,0,0,0,0,0,1,1,0,0,0,0,0,0,0,0,0
서울특별시 중구 의주로2가,0,"37.559382,126.969985",0,0,0,0,0,0,0,0,0,0,0,0,1,0,0,0,0,0,0,0,0,0,0
서울특별시 중구 인현동1가,791625000,"37.564472,126.994232",0,0,0,0,0,0,0,0,1,0,0,0,9,0,0,0,0,0,0,0,0,0,0
서울특별시 중구 인현동2가,242809572.1,"37.563780,126.995779",0,0,0,0,0,0,1,0,0,0,0,0,4,0,0,0,0,0,0,0,0,1,0
서울특별시 중구 입정동,740557142.9,"37.567709,126.993042",0,0,0,0,0,0,0,0,0,0,0,0,2,0,0,0,0,0,0,0,0,0,0
서울특별시 중구 장교동,0,"37.567116,126.987193",0,0,0,0,0,2,1,0,0,0,0,0,4,0,0,0,0,0,0,0,0,0,0
서울특별시 중구 장충동1가,762582868.3,"37.561397,127.007583",0,0,0,0,1,3,1,0,0,0,0,0,6,0,0,0,0,0,0,0,0,2,0
서울특별시 중구 장충동2가,127387659.1,"37.559910,127.002560",0,0,0,1,0,0,0,0,0,1,2,1,20,0,0,0,0,0,0,0,0,0,0
서울특별시 중구 저동1가,1900000000,"37.564362,126.987314",0,0,0,0,0,0,0,0,0,0,0,0,7,0,1,0,0,0,0,0,0,0,0
서울특별시 중구 저동2가,270335625,"37.564385,126.990257",0,0,0,0,0,6,6,0,0,0,0,0,12,0,0,0,0,0,0,0,0,0,0
서울특별시 중구 정동,581026785.7,"37.566905,126.972078",1,1,1,1,3,0,0,0,0,0,1,0,18,2,1,0,0,0,0,0,0,0,1
서울특별시 중구 주교동,721500000,"37.568136,126.999252",0,0,0,0,0,0,0,0,0,0,0,0,6,0,0,0,0,0,0,0,0,0,0
서울특별시 중구 주자동,0,"37.560755,126.989850",0,0,0,0,0,0,0,0,0,0,0,0,1,0,0,0,0,0,0,0,0,0,0
서울특별시 중구 중림동,531574971.6,"37.558715,126.965840",0,0,0,1,9,19,6,0,0,0,0,0,16,1,0,0,0,0,0,0,1,2,0
서울특별시 중구 초동,679500000,"37.564226,126.992375",0,0,0,0,0,6,3,0,0,0,0,4,7,0,0,0,0,0,0,0,0,0,0
서울특별시 중구 충무로1가,0,"37.561279,126.983430",0,0,0,0,1,15,3,0,0,0,0,2,19,0,0,0,1,0,0,0,0,3,0
서울특별시 중구 충무로2가,0,"37.561903,126.987942",0,0,0,0,2,18,5,0,0,0,0,2,22,0,0,0,0,0,0,0,0,0,0
서울특별시 중구 충무로3가,238948936.2,"37.562676,126.991874",0,0,0,0,0,0,0,0,2,0,0,0,15,0,0,0,0,0,0,0,0,0,0
서울특별시 중구 충무로4가,577253613.6,"37.562463,126.995255",0,0,0,0,1,6,3,0,0,0,0,1,8,0,0,0,0,0,0,0,0,0,0
서울특별시 중구 충무로5가,279688957.8,"37.562923,126.999921",0,0,0,0,0,0,0,0,0,0,0,0,6,0,1,0,0,0,0,0,0,1,0
서울특별시 중구 충정로1가,0,"37.567411,126.968642",0,0,0,0,2,0,0,0,0,0,0,1,6,0,0,0,0,0,0,0,0,0,0
서울특별시 중구 태평로1가,0,"37.568174,126.976805",0,0,0,0,5,6,2,0,0,0,0,0,11,1,0,0,0,0,0,0,0,0,0
서울특별시 중구 태평로2가,0,"37.563334,126.976861",0,0,0,0,2,11,2,0,0,0,0,0,19,0,0,0,0,0,0,0,0,0,0
서울특별시 중구 필동1가,178444403,"37.560992,126.992264",0,0,0,0,2,4,1,0,1,0,0,1,5,0,1,0,0,0,0,0,0,0,0
서울특별시 중구 필동2가,674537464.3,"37.558960,126.995427",0,0,0,0,1,5,2,0,0,0,0,2,16,0,0,1,0,0,0,0,0,1,0
서울특별시 중구 필동3가,356230208.8,"37.559069,126.997152",0,0,0,0,2,1,1,0,1,0,0,1,17,0,0,0,0,0,0,0,0,0,0
서울특별시 중구 황학동,448585382.4,"37.567940,127.020367",0,0,0,0,3,24,11,1,0,0,1,0,13,0,1,1,0,1,0,0,0,4,0
서울특별시 중구 회현동1가,795192401.7,"37.557439,126.980748",0,0,0,0,1,14,2,0,0,2,0,0,20,0,0,1,0,0,1,0,0,0,0
서울특별시 중구 회현동2가,861750519.2,"37.558033,126.983443",0,0,0,0,0,0,0,0,0,0,0,1,8,0,0,0,0,0,0,0,0,0,0
서울특별시 중구 회현동3가,0,"37.560060,126.984082",0,0,0,0,1,0,0,0,0,0,0,0,7,0,0,0,0,0,0,0,0,0,0
서울특별시 중구 흥인동,362892048.1,"37.566792,127.016839",0,0,0,0,0,6,4,0,0,1,1,0,9,0,0,0,0,0,0,0,0,0,0
서울특별시 중랑구 망우동,415460916.8,"37.596678,127.100419",4,5,5,4,62,76,30,0,2,0,0,0,63,0,8,2,0,1,0,0,0,13,4
서울특별시 중랑구 면목동,441185581.8,"37.584420,127.086487",7,3,1,11,169,192,68,0,4,0,0,0,158,2,16,1,0,0,1,1,1,43,11
서울특별시 중랑구 묵동,467325081.6,"37.611266,127.077829",3,2,2,3,69,57,20,0,2,0,0,1,65,3,5,1,0,1,0,0,0,18,3
서울특별시 중랑구 상봉동,479788672.9,"37.596267,127.085704",1,2,1,2,46,70,20,1,0,0,0,2,63,0,4,1,0,2,1,0,1,12,2
서울특별시 중랑구 신내동,455659654.2,"37.607237,127.098924",6,0,0,7,166,63,26,1,3,0,2,0,65,6,4,0,0,1,1,0,2,29,7
서울특별시 중랑구 중화동,390522400.5,"37.599750,127.077718",2,2,1,5,48,59,21,0,1,0,0,0,42,0,6,1,0,0,0,1,0,11,5
서울특별시 종로구 송현동,,"37.577322,126.982187",0,0,0,0,0,0,0,0,0,0,0,0,0,0,0,0,0,0,0,0,0,0,0
서울특별시 종로구 훈정동,,"37.570980,126.995131",0,0,0,0,0,0,0,0,0,0,0,0,0,0,0,0,0,0,0,0,0,0,0
서울특별시 강서구 과해동,0,"37.560661,126.794953",0,0,0,0,0,0,1,0,0,0,0,0,1,0,0,0,0,0,0,0,0,0,0
서울특별시 강서구 오곡동,0,"37.554615,126.775768",0,0,0,0,0,0,0,0,0,0,0,0,0,0,0,0,0,0,0,0,0,1,0
서울특별시 강서구 오쇠동,0,"37.541148,126.796575",0,0,0,0,0,0,0,0,0,0,0,0,1,0,0,0,0,0,0,0,0,0,0
서울특별시 영등포구 양화동,0,"37.545629,126.891554",0,0,0,0,0,0,0,0,0,0,0,0,1,1,0,0,0,0,0,0,0,0,0
서울특별시 영등포구 양평동,234694444.4,"37.522602,126.881344",0,0,0,0,0,0,0,0,0,0,0,0,0,0,0,0,0,0,0,0,0,0,0
